campaign_id,maker_user_id_hash,title,when_open,start_datetime,end_datetime,product_type,photo_url,nick_name,corp_name,participation_cnt,total_backed_amount,target_amount,achievement_rate,signature_cnt,remaining_day,end_yn,core_message,cust_value_code_nm,advertisement,acid,landing_url,link_url,additional_param,badge_urls,collection_id,maker_club_grade,maker_club_icon_url,is_delivery_available,is_global_shipping_available,has_coupon,category_code,category_name,status
399800,m_7f96b1fa1e65,13층 깊은 보습에 피부 열감까지 내리는 클린 크림,2026-03-27T17:59:59+09:00,2026-03-27T17:59:59,2026-04-17T17:59:59,PREORDER,https://demo-assets.example.invalid/studio/images/2026/04/399800.jpeg,메이커 브레바,메이커 브레바,168,9500000,10000000,95,36,-23,1,스킨케어 카테고리에서 일상 문제를 해결하는 클린 프로젝트입니다.,스킨케어,False,0,https://demo-source.example.invalid/web/campaign/detail/399800,/web/campaign/detail/399800,,[],,,,True,True,False,B0190,스킨케어,success
398196,m_9424905cb388,공간 분위기를 바꾸는 호텔식 초경량 조명,2026-03-27T18:59:59+09:00,2026-03-27T18:59:59,2026-04-10T18:59:59,PREORDER,https://demo-assets.example.invalid/studio/images/2026/04/398196.jpeg,스튜디오 무딕스,스튜디오 무딕스,37,2000000,10000000,20,8,-30,1,홈리빙 카테고리에서 일상 문제를 해결하는 초경량 프로젝트입니다.,홈리빙,False,0,https://demo-source.example.invalid/web/campaign/detail/398196,/web/campaign/detail/398196,,[],,,,True,False,True,B0120,홈리빙,success
394880,m_b160fb8f8293,"보이지 않는 바람의 차이, 공간까지 시원한 감성 선풍기",2026-03-27T23:59:59+09:00,2026-03-27T23:59:59,2026-05-11T23:59:59,PREORDER,https://demo-assets.example.invalid/studio/images/2026/04/394880.jpeg,스튜디오 그린웨이,스튜디오 그린웨이,25,1110000,1000000,111,10,1,0,테크·가전 카테고리에서 일상 문제를 해결하는 감성 프로젝트입니다.,테크·가전,False,0,https://demo-source.example.invalid/web/campaign/detail/394880,/web/campaign/detail/394880,,[],,PURPLE,,True,False,False,B0050,테크·가전,success
401384,m_4048da274086,산책이 편해지는 초경량 감성 리드줄,2026-03-28T08:59:59+09:00,2026-03-28T08:59:59,2026-05-27T08:59:59,REWARD,https://demo-assets.example.invalid/studio/images/2026/04/401384.jpeg,주식회사 메디비티,주식회사 메디비티,40,860000,2000000,43,20,17,0,반려동물 카테고리에서 일상 문제를 해결하는 감성 프로젝트입니다.,반려동물,False,0,https://demo-source.example.invalid/web/campaign/detail/401384,/web/campaign/detail/401384,,[],,BLUE,,True,False,True,B0180,반려동물,success
394367,m_a03ab4835dea,기록 습관을 만드는 감성 제로 다이어리,2026-03-28T12:59:59+09:00,2026-03-28T12:59:59,2026-04-18T12:59:59,PREORDER,https://demo-assets.example.invalid/studio/images/2026/04/394367.jpeg,스튜디오 제로랩,스튜디오 제로랩,50,2450000,5000000,49,20,-22,1,출판 카테고리에서 일상 문제를 해결하는 제로 프로젝트입니다.,출판,False,0,https://demo-source.example.invalid/web/campaign/detail/394367,/web/campaign/detail/394367,,[],,,,True,False,False,B0110,출판,success
394052,m_3de04f29c114,출근길 배터리 걱정 없는 초경량 에센셜 보조배터리,2026-03-28T19:59:59+09:00,2026-03-28T19:59:59,2026-04-11T19:59:59,PREORDER,https://demo-assets.example.invalid/studio/images/2026/04/394052.jpeg,주식회사 브레바,주식회사 브레바,189,10600000,20000000,53,28,-29,1,주변기기 카테고리에서 일상 문제를 해결하는 에센셜 프로젝트입니다.,주변기기,False,0,https://demo-source.example.invalid/web/campaign/detail/394052,/web/campaign/detail/394052,,[],,PURPLE,,True,True,False,B0070,주변기기,success
397605,m_a802d4a6319d,피부의 기초 상태를 바꾸는 스마트 앰플+크림세트,2026-03-28T19:59:59+09:00,2026-03-28T19:59:59,2026-04-27T19:59:59,REWARD,https://demo-assets.example.invalid/studio/images/2026/04/397605.jpeg,주식회사 로컬랩,주식회사 로컬랩,108,9670000,1000000,967,35,-13,1,스킨케어 카테고리에서 일상 문제를 해결하는 스마트 프로젝트입니다.,스킨케어,True,0,https://demo-source.example.invalid/web/campaign/detail/397605,/web/campaign/detail/397605,,[],,GREEN,,True,True,False,B0190,스킨케어,success
395003,m_2ba48e63563f,"여름 출산 준비 필수템, 부드러운 시그니처 세트",2026-03-29T07:59:59+09:00,2026-03-29T07:59:59,2026-04-12T07:59:59,PREORDER,https://demo-assets.example.invalid/studio/images/2026/04/395003.jpeg,주식회사 두이즈,주식회사 두이즈,716,5700000,10000000,57,242,-28,1,유아·키즈 카테고리에서 일상 문제를 해결하는 시그니처 프로젝트입니다.,유아·키즈,False,0,https://demo-source.example.invalid/web/campaign/detail/395003,/web/campaign/detail/395003,,[],,,,True,False,False,B0210,유아·키즈,success
396873,m_a93909aa5cd2,집에서도 가능한 컴팩트 하이브리드 트레이닝 세트,2026-03-29T14:59:59+09:00,2026-03-29T14:59:59,2026-04-28T14:59:59,PREORDER,https://demo-assets.example.invalid/studio/images/2026/04/396873.jpeg,메이커 사북상회,메이커 사북상회,2172,115600000,20000000,578,448,-12,1,스포츠·모빌리티 카테고리에서 일상 문제를 해결하는 하이브리드 프로젝트입니다.,스포츠·모빌리티,False,0,https://demo-source.example.invalid/web/campaign/detail/396873,/web/campaign/detail/396873,,[],,,,True,False,True,B0160,스포츠·모빌리티,success
393166,m_dca7df5e5db5,노트북 책상을 깔끔하게 만드는 스마트 멀티 허브,2026-03-29T17:59:59+09:00,2026-03-29T17:59:59,2026-04-12T17:59:59,PREORDER,https://demo-assets.example.invalid/studio/images/2026/04/393166.jpeg,주식회사 청연,주식회사 청연,80,1960000,2000000,98,26,-28,1,주변기기 카테고리에서 일상 문제를 해결하는 스마트 프로젝트입니다.,주변기기,False,0,https://demo-source.example.invalid/web/campaign/detail/393166,/web/campaign/detail/393166,,[],,,,True,False,False,B0070,주변기기,success
399317,m_82190bbb6dd6,"축축한 욕실 이제 안녕, 초강력 시그니처 욕실템",2026-03-29T20:59:59+09:00,2026-03-29T20:59:59,2026-04-28T20:59:59,PREORDER,https://demo-assets.example.invalid/studio/images/2026/04/399317.jpeg,주식회사 로컬랩,주식회사 로컬랩,6298,214800000,20000000,1074,994,-12,1,홈리빙 카테고리에서 일상 문제를 해결하는 시그니처 프로젝트입니다.,홈리빙,True,0,https://demo-source.example.invalid/web/campaign/detail/399317,/web/campaign/detail/399317,,[],,GREEN,,True,False,False,B0120,홈리빙,success
398151,m_b0545a431d4e,피부의 기초 상태를 바꾸는 프리미엄 앰플+크림세트,2026-03-29T23:59:59+09:00,2026-03-29T23:59:59,2026-04-28T23:59:59,REWARD,https://demo-assets.example.invalid/studio/images/2026/04/398151.jpeg,주식회사 사북상회,주식회사 사북상회,246,11400000,20000000,57,91,-12,1,스킨케어 카테고리에서 일상 문제를 해결하는 프리미엄 프로젝트입니다.,스킨케어,False,0,https://demo-source.example.invalid/web/campaign/detail/398151,/web/campaign/detail/398151,,[],,,,True,False,False,B0190,스킨케어,success
402035,m_831d00a63771,반려동물 털 걱정을 줄이는 바이브 클리너,2026-03-30T04:59:59+09:00,2026-03-30T04:59:59,2026-04-13T04:59:59,PREORDER,https://demo-assets.example.invalid/studio/images/2026/04/402035.jpeg,주식회사 리디아,주식회사 리디아 컴퍼니,1632,89600000,20000000,448,447,-27,1,반려동물 카테고리에서 일상 문제를 해결하는 바이브 프로젝트입니다.,반려동물,False,0,https://demo-source.example.invalid/web/campaign/detail/402035,/web/campaign/detail/402035,,[],,,,True,False,False,B0180,반려동물,success
399901,m_225a22125b7b,정선 사북의 특별한 이야기를 담은 프리미엄 베이커리,2026-03-30T07:59:59+09:00,2026-03-30T07:59:59,2026-05-29T07:59:59,PREORDER,https://demo-assets.example.invalid/studio/images/2026/04/399901.jpeg,브랜드 리디아,브랜드 리디아,60,3900000,5000000,78,25,19,0,푸드 카테고리에서 일상 문제를 해결하는 프리미엄 프로젝트입니다.,푸드,True,0,https://demo-source.example.invalid/web/campaign/detail/399901,/web/campaign/detail/399901,,[],,BLUE,,True,False,False,B0150,푸드,success
393292,m_0342f0ff379d,반려동물 털 걱정을 줄이는 올인원 클리너,2026-03-30T08:59:59+09:00,2026-03-30T08:59:59,2026-04-29T08:59:59,PREORDER,https://demo-assets.example.invalid/studio/images/2026/04/393292.jpeg,주식회사 루미에르,주식회사 루미에르,3926,244800000,20000000,1224,1405,-11,1,반려동물 카테고리에서 일상 문제를 해결하는 올인원 프로젝트입니다.,반려동물,False,0,https://demo-source.example.invalid/web/campaign/detail/393292,/web/campaign/detail/393292,,[],,,,True,False,False,B0180,반려동물,success
398388,m_350080b0ae06,첫째도 둘째도 쓰는 엄마 추천 컴팩트,2026-03-30T09:59:59+09:00,2026-03-30T09:59:59,2026-04-13T09:59:59,PREORDER,https://demo-assets.example.invalid/studio/images/2026/04/398388.jpeg,제로랩,제로랩,23,1000000,10000000,10,8,-27,1,유아·키즈 카테고리에서 일상 문제를 해결하는 컴팩트 프로젝트입니다.,유아·키즈,False,0,https://demo-source.example.invalid/web/campaign/detail/398388,/web/campaign/detail/398388,,[],,,,True,True,True,B0210,유아·키즈,success
395376,m_2c5eb56efce8,공간 분위기를 바꾸는 호텔식 리얼 조명,2026-03-30T09:59:59+09:00,2026-03-30T09:59:59,2026-04-13T09:59:59,PREORDER,https://demo-assets.example.invalid/studio/images/2026/04/395376.jpeg,스튜디오 제로랩,스튜디오 제로랩,64,3250000,5000000,65,16,-27,1,홈리빙 카테고리에서 일상 문제를 해결하는 리얼 프로젝트입니다.,홈리빙,False,0,https://demo-source.example.invalid/web/campaign/detail/395376,/web/campaign/detail/395376,,[],,,,True,True,False,B0120,홈리빙,success
396159,m_4071788901ac,"전 객실 오션뷰 감성 숙소, 리얼 카라반 패키지",2026-03-30T17:59:59+09:00,2026-03-30T17:59:59,2026-04-20T17:59:59,PREORDER,https://demo-assets.example.invalid/studio/images/2026/04/396159.jpeg,메이커 유열,메이커 유열 컴퍼니,5,0,1000000,0,6,-20,1,여행·레저 카테고리에서 일상 문제를 해결하는 리얼 프로젝트입니다.,여행·레저,False,0,https://demo-source.example.invalid/web/campaign/detail/396159,/web/campaign/detail/396159,,[],,,,True,False,False,B0140,여행·레저,success
395740,m_51f52eb2b590,첫째도 둘째도 쓰는 엄마 추천 초경량,2026-03-30T19:59:59+09:00,2026-03-30T19:59:59,2026-04-20T19:59:59,PREORDER,https://demo-assets.example.invalid/studio/images/2026/04/395740.jpeg,주식회사 루미에르,주식회사 루미에르,935,28000000,20000000,140,150,-20,1,유아·키즈 카테고리에서 일상 문제를 해결하는 초경량 프로젝트입니다.,유아·키즈,True,0,https://demo-source.example.invalid/web/campaign/detail/395740,/web/campaign/detail/395740,,[],,,,False,False,True,B0210,유아·키즈,success
398527,m_45b3a6f0c941,정선 사북의 특별한 이야기를 담은 시그니처 베이커리,2026-03-30T20:59:59+09:00,2026-03-30T20:59:59,2026-05-14T20:59:59,PREORDER,https://demo-assets.example.invalid/studio/images/2026/04/398527.jpeg,메이커 그린웨이,메이커 그린웨이,59,1900000,2000000,95,34,4,0,푸드 카테고리에서 일상 문제를 해결하는 시그니처 프로젝트입니다.,푸드,False,0,https://demo-source.example.invalid/web/campaign/detail/398527,/web/campaign/detail/398527,,[],,,,True,False,True,B0150,푸드,success
399275,m_f31172e20856,예민한 아이도 잘 먹는 제로 간식,2026-03-31T02:59:59+09:00,2026-03-31T02:59:59,2026-04-30T02:59:59,REWARD,https://demo-assets.example.invalid/studio/images/2026/04/399275.jpeg,스튜디오 청연,스튜디오 청연,97,8400000,20000000,42,39,-10,1,반려동물 카테고리에서 일상 문제를 해결하는 제로 프로젝트입니다.,반려동물,False,0,https://demo-source.example.invalid/web/campaign/detail/399275,/web/campaign/detail/399275,,[],,,,True,False,False,B0180,반려동물,success
400565,m_35d54d6d0459,출근룩부터 여행까지 가능한 감성 슈즈,2026-03-31T03:59:59+09:00,2026-03-31T03:59:59,2026-04-30T03:59:59,REWARD,https://demo-assets.example.invalid/studio/images/2026/04/400565.jpeg,주식회사 두이즈,주식회사 두이즈 컴퍼니,845,66400000,5000000,1328,299,-10,1,패션·잡화 카테고리에서 일상 문제를 해결하는 감성 프로젝트입니다.,패션·잡화,False,0,https://demo-source.example.invalid/web/campaign/detail/400565,/web/campaign/detail/400565,,[],,BLUE,,True,False,True,B0170,패션·잡화,success
402201,m_a39cad5141d2,가볍게 떠나는 주말 캠핑용 제로 세트,2026-03-31T12:59:59+09:00,2026-03-31T12:59:59,2026-04-14T12:59:59,PREORDER,https://demo-assets.example.invalid/studio/images/2026/04/402201.jpeg,스튜디오 유열,스튜디오 유열 컴퍼니,197,8200000,5000000,164,79,-26,1,여행·레저 카테고리에서 일상 문제를 해결하는 제로 프로젝트입니다.,여행·레저,False,0,https://demo-source.example.invalid/web/campaign/detail/402201,/web/campaign/detail/402201,,[],,,,False,False,False,B0140,여행·레저,success
394558,m_31d32f8857e6,초보자를 위한 친절한 하이브리드 가이드북,2026-03-31T15:59:59+09:00,2026-03-31T15:59:59,2026-04-21T15:59:59,PREORDER,https://demo-assets.example.invalid/studio/images/2026/04/394558.jpeg,메이커 루미에르,메이커 루미에르,183,7600000,5000000,152,41,-19,1,출판 카테고리에서 일상 문제를 해결하는 하이브리드 프로젝트입니다.,출판,False,0,https://demo-source.example.invalid/web/campaign/detail/394558,/web/campaign/detail/394558,,[],,GREEN,,True,False,False,B0110,출판,success
397931,m_0891b4d22509,반려동물 털 걱정을 줄이는 감성 클리너,2026-03-31T16:59:59+09:00,2026-03-31T16:59:59,2026-04-21T16:59:59,PREORDER,https://demo-assets.example.invalid/studio/images/2026/04/397931.jpeg,주식회사 유열,주식회사 유열 컴퍼니,234,4800000,3000000,160,62,-19,1,반려동물 카테고리에서 일상 문제를 해결하는 감성 프로젝트입니다.,반려동물,False,0,https://demo-source.example.invalid/web/campaign/detail/397931,/web/campaign/detail/397931,,[],,,,False,False,True,B0180,반려동물,success
400144,m_688b57142601,"전 객실 오션뷰 감성 숙소, 바이브 카라반 패키지",2026-04-01T08:59:59+09:00,2026-04-01T08:59:59,2026-05-01T08:59:59,PREORDER,https://demo-assets.example.invalid/studio/images/2026/04/400144.jpeg,리디아,리디아,134,1020000,3000000,34,33,-9,1,여행·레저 카테고리에서 일상 문제를 해결하는 바이브 프로젝트입니다.,여행·레저,True,0,https://demo-source.example.invalid/web/campaign/detail/400144,/web/campaign/detail/400144,,[],,,,True,False,False,B0140,여행·레저,success
393076,m_cf238306f256,"보이지 않는 바람의 차이, 공간까지 시원한 데일리 선풍기",2026-04-01T12:59:59+09:00,2026-04-01T12:59:59,2026-04-22T12:59:59,PREORDER,https://demo-assets.example.invalid/studio/images/2026/04/393076.jpeg,주식회사 온하루,주식회사 온하루,110,4600000,20000000,23,25,-18,1,테크·가전 카테고리에서 일상 문제를 해결하는 데일리 프로젝트입니다.,테크·가전,False,0,https://demo-source.example.invalid/web/campaign/detail/393076,/web/campaign/detail/393076,,[],,,,True,False,False,B0050,테크·가전,success
401642,m_321fe9164a1a,노트북 책상을 깔끔하게 만드는 리얼 멀티 허브,2026-04-01T15:59:59+09:00,2026-04-01T15:59:59,2026-05-31T15:59:59,PREORDER,https://demo-assets.example.invalid/studio/images/2026/04/401642.jpeg,주식회사 리디아,주식회사 리디아,314,3600000,10000000,36,83,21,0,주변기기 카테고리에서 일상 문제를 해결하는 리얼 프로젝트입니다.,주변기기,False,0,https://demo-source.example.invalid/web/campaign/detail/401642,/web/campaign/detail/401642,,[],,GREEN,,True,False,False,B0070,주변기기,success
395639,m_f024aa08c728,첫째도 둘째도 쓰는 엄마 추천 미니,2026-04-01T20:59:59+09:00,2026-04-01T20:59:59,2026-04-15T20:59:59,REWARD,https://demo-assets.example.invalid/studio/images/2026/04/395639.jpeg,메이커 루미에르,메이커 루미에르,478,3810000,3000000,127,176,-25,1,유아·키즈 카테고리에서 일상 문제를 해결하는 미니 프로젝트입니다.,유아·키즈,False,0,https://demo-source.example.invalid/web/campaign/detail/395639,/web/campaign/detail/395639,,[],,BLUE,,True,False,False,B0210,유아·키즈,success
401953,m_949beac6e295,"보이지 않는 바람의 차이, 공간까지 시원한 바이브 선풍기",2026-04-01T23:59:59+09:00,2026-04-01T23:59:59,2026-04-15T23:59:59,PREORDER,https://demo-assets.example.invalid/studio/images/2026/04/401953.jpeg,메이커 두이즈,메이커 두이즈,1131,35000000,20000000,175,334,-25,1,테크·가전 카테고리에서 일상 문제를 해결하는 바이브 프로젝트입니다.,테크·가전,False,0,https://demo-source.example.invalid/web/campaign/detail/401953,/web/campaign/detail/401953,,[],,,,True,True,False,B0050,테크·가전,success
398137,m_8eff607765d7,"아침 3분 완성, 진한 풍미의 제로 간편식",2026-04-02T08:59:59+09:00,2026-04-02T08:59:59,2026-05-02T08:59:59,REWARD,https://demo-assets.example.invalid/studio/images/2026/04/398137.jpeg,스튜디오 유열,스튜디오 유열,17,870000,3000000,29,12,-8,1,푸드 카테고리에서 일상 문제를 해결하는 제로 프로젝트입니다.,푸드,False,0,https://demo-source.example.invalid/web/campaign/detail/398137,/web/campaign/detail/398137,,[],,BLUE,,True,False,False,B0150,푸드,success
393483,m_b14aa804ce43,물끓임 필요 없는 셀프히팅 클린 머신,2026-04-02T11:59:59+09:00,2026-04-02T11:59:59,2026-04-23T11:59:59,REWARD,https://demo-assets.example.invalid/studio/images/2026/04/393483.jpeg,아이무드,아이무드,91,3100000,10000000,31,29,-17,1,테크·가전 카테고리에서 일상 문제를 해결하는 클린 프로젝트입니다.,테크·가전,False,0,https://demo-source.example.invalid/web/campaign/detail/393483,/web/campaign/detail/393483,,[],,,,True,False,False,B0050,테크·가전,success
402770,m_ca64c3f6cc19,"전 객실 오션뷰 감성 숙소, 클린 카라반 패키지",2026-04-02T12:59:59+09:00,2026-04-02T12:59:59,2026-04-23T12:59:59,PREORDER,https://demo-assets.example.invalid/studio/images/2026/04/402770.jpeg,메이커 로컬랩,메이커 로컬랩,84,870000,3000000,29,15,-17,1,여행·레저 카테고리에서 일상 문제를 해결하는 클린 프로젝트입니다.,여행·레저,False,0,https://demo-source.example.invalid/web/campaign/detail/402770,/web/campaign/detail/402770,,[],,PURPLE,,True,False,False,B0140,여행·레저,success
398219,m_5383890abbbe,가죽 장인의 손맛을 담은 미니멀 하이브리드 지갑,2026-04-02T20:59:59+09:00,2026-04-02T20:59:59,2026-04-23T20:59:59,REWARD,https://demo-assets.example.invalid/studio/images/2026/04/398219.jpeg,스튜디오 사북상회,스튜디오 사북상회,8,300000,1000000,30,6,-17,1,패션·잡화 카테고리에서 일상 문제를 해결하는 하이브리드 프로젝트입니다.,패션·잡화,False,0,https://demo-source.example.invalid/web/campaign/detail/398219,/web/campaign/detail/398219,,[],,BLUE,,True,False,True,B0170,패션·잡화,success
399436,m_fa492dc6083d,러닝 입문자를 위한 스마트 미니 밴드,2026-04-03T02:59:59+09:00,2026-04-03T02:59:59,2026-04-24T02:59:59,PREORDER,https://demo-assets.example.invalid/studio/images/2026/04/399436.jpeg,스튜디오 브레바,스튜디오 브레바,189,7600000,20000000,38,64,-16,1,스포츠·모빌리티 카테고리에서 일상 문제를 해결하는 미니 프로젝트입니다.,스포츠·모빌리티,False,0,https://demo-source.example.invalid/web/campaign/detail/399436,/web/campaign/detail/399436,,[],,,,True,True,False,B0160,스포츠·모빌리티,success
401691,m_3b4fc9aea116,물끓임 필요 없는 셀프히팅 하이브리드 머신,2026-04-03T04:59:59+09:00,2026-04-03T04:59:59,2026-05-03T04:59:59,PREORDER,https://demo-assets.example.invalid/studio/images/2026/04/401691.jpeg,브랜드 제로랩,브랜드 제로랩,10,900000,2000000,45,6,-7,1,테크·가전 카테고리에서 일상 문제를 해결하는 하이브리드 프로젝트입니다.,테크·가전,False,0,https://demo-source.example.invalid/web/campaign/detail/401691,/web/campaign/detail/401691,,[],,PURPLE,,True,False,False,B0050,테크·가전,success
399272,m_a252bd6c7988,"오픈형이지만 몰입은 깊게, 노이즈캔슬링 시그니처",2026-04-03T07:59:59+09:00,2026-04-03T07:59:59,2026-04-24T07:59:59,PREORDER,https://demo-assets.example.invalid/studio/images/2026/04/399272.jpeg,메이커 로컬랩,메이커 로컬랩 컴퍼니,453,28600000,20000000,143,114,-16,1,테크·가전 카테고리에서 일상 문제를 해결하는 시그니처 프로젝트입니다.,테크·가전,False,0,https://demo-source.example.invalid/web/campaign/detail/399272,/web/campaign/detail/399272,,[],,,,True,False,False,B0050,테크·가전,success
395833,m_70266c20f9a8,"여름 출산 준비 필수템, 부드러운 프로 세트",2026-04-03T12:59:59+09:00,2026-04-03T12:59:59,2026-04-24T12:59:59,PREORDER,https://demo-assets.example.invalid/studio/images/2026/04/395833.jpeg,무딕스,무딕스,23,780000,2000000,39,8,-16,1,유아·키즈 카테고리에서 일상 문제를 해결하는 프로 프로젝트입니다.,유아·키즈,False,0,https://demo-source.example.invalid/web/campaign/detail/395833,/web/campaign/detail/395833,,[],,,,True,False,True,B0210,유아·키즈,success
401781,m_8a35855bd965,꽂는 순간 숫자로 보이는 충전 속도ㅣ시그니처 LED 케이블,2026-04-03T20:59:59+09:00,2026-04-03T20:59:59,2026-04-24T20:59:59,PREORDER,https://demo-assets.example.invalid/studio/images/2026/04/401781.jpeg,스튜디오 그린웨이,스튜디오 그린웨이,467,13100000,10000000,131,82,-16,1,주변기기 카테고리에서 일상 문제를 해결하는 시그니처 프로젝트입니다.,주변기기,False,0,https://demo-source.example.invalid/web/campaign/detail/401781,/web/campaign/detail/401781,,[],,,,True,False,False,B0070,주변기기,success
395714,m_7e60b49ed074,노트북 책상을 깔끔하게 만드는 컴팩트 멀티 허브,2026-04-03T20:59:59+09:00,2026-04-03T20:59:59,2026-04-17T20:59:59,PREORDER,https://demo-assets.example.invalid/studio/images/2026/04/395714.jpeg,주식회사 그린웨이,주식회사 그린웨이,22,1080000,2000000,54,11,-23,1,주변기기 카테고리에서 일상 문제를 해결하는 컴팩트 프로젝트입니다.,주변기기,False,0,https://demo-source.example.invalid/web/campaign/detail/395714,/web/campaign/detail/395714,,[],,GREEN,,True,False,False,B0070,주변기기,success
400130,m_e4be6e1dd242,하루 10분으로 시작하는 실전 데일리 노트,2026-04-03T23:59:59+09:00,2026-04-03T23:59:59,2026-05-18T23:59:59,PREORDER,https://demo-assets.example.invalid/studio/images/2026/04/400130.jpeg,브랜드 유열,브랜드 유열,18,460000,2000000,23,6,8,0,출판 카테고리에서 일상 문제를 해결하는 데일리 프로젝트입니다.,출판,True,0,https://demo-source.example.invalid/web/campaign/detail/400130,/web/campaign/detail/400130,,[],,,,False,False,True,B0110,출판,success
402433,m_2f4f63beac4d,반려동물 털 걱정을 줄이는 감성 클리너,2026-04-04T04:59:59+09:00,2026-04-04T04:59:59,2026-05-19T04:59:59,REWARD,https://demo-assets.example.invalid/studio/images/2026/04/402433.jpeg,메이커 포근,메이커 포근,161,5300000,10000000,53,69,9,0,반려동물 카테고리에서 일상 문제를 해결하는 감성 프로젝트입니다.,반려동물,False,0,https://demo-source.example.invalid/web/campaign/detail/402433,/web/campaign/detail/402433,,[],,,,True,False,False,B0180,반려동물,success
401092,m_c3e11d9b0276,물끓임 필요 없는 셀프히팅 스마트 머신,2026-04-04T09:59:59+09:00,2026-04-04T09:59:59,2026-04-18T09:59:59,PREORDER,https://demo-assets.example.invalid/studio/images/2026/04/401092.jpeg,브랜드 브레바,브랜드 브레바,94,750000,1000000,75,28,-22,1,테크·가전 카테고리에서 일상 문제를 해결하는 스마트 프로젝트입니다.,테크·가전,False,0,https://demo-source.example.invalid/web/campaign/detail/401092,/web/campaign/detail/401092,,[],,,,True,False,False,B0050,테크·가전,success
397097,m_f7761e946482,작은 집도 넓게 쓰는 접이식 프리미엄 수납템,2026-04-04T10:59:59+09:00,2026-04-04T10:59:59,2026-05-04T10:59:59,PREORDER,https://demo-assets.example.invalid/studio/images/2026/04/397097.jpeg,메이커 루미에르,메이커 루미에르,25,1750000,1000000,175,12,-6,1,홈리빙 카테고리에서 일상 문제를 해결하는 프리미엄 프로젝트입니다.,홈리빙,False,0,https://demo-source.example.invalid/web/campaign/detail/397097,/web/campaign/detail/397097,,[],,GREEN,,True,False,False,B0120,홈리빙,success
396502,m_e859f71cbf9a,공간 분위기를 바꾸는 호텔식 바이브 조명,2026-04-04T10:59:59+09:00,2026-04-04T10:59:59,2026-05-04T10:59:59,PREORDER,https://demo-assets.example.invalid/studio/images/2026/04/396502.jpeg,온하루,온하루,50,2840000,2000000,142,26,-6,1,홈리빙 카테고리에서 일상 문제를 해결하는 바이브 프로젝트입니다.,홈리빙,False,0,https://demo-source.example.invalid/web/campaign/detail/396502,/web/campaign/detail/396502,,[],,,,True,False,False,B0120,홈리빙,success
399094,m_d81daabddf33,작은 집도 넓게 쓰는 접이식 클린 수납템,2026-04-04T11:59:59+09:00,2026-04-04T11:59:59,2026-04-25T11:59:59,PREORDER,https://demo-assets.example.invalid/studio/images/2026/04/399094.jpeg,메이커 리디아,메이커 리디아,328,19400000,20000000,97,148,-15,1,홈리빙 카테고리에서 일상 문제를 해결하는 클린 프로젝트입니다.,홈리빙,False,0,https://demo-source.example.invalid/web/campaign/detail/399094,/web/campaign/detail/399094,,[],,BLUE,,True,False,False,B0120,홈리빙,success
396046,m_a3dca52519b5,"여름 출산 준비 필수템, 부드러운 에센셜 세트",2026-04-04T12:59:59+09:00,2026-04-04T12:59:59,2026-04-18T12:59:59,REWARD,https://demo-assets.example.invalid/studio/images/2026/04/396046.jpeg,두이즈,두이즈 컴퍼니,46,2070000,1000000,207,20,-22,1,유아·키즈 카테고리에서 일상 문제를 해결하는 에센셜 프로젝트입니다.,유아·키즈,True,0,https://demo-source.example.invalid/web/campaign/detail/396046,/web/campaign/detail/396046,,[],,,,True,False,False,B0210,유아·키즈,success
398616,m_cf086b67cf2a,꽂는 순간 숫자로 보이는 충전 속도ㅣ미니 LED 케이블,2026-04-04T16:59:59+09:00,2026-04-04T16:59:59,2026-05-04T16:59:59,PREORDER,https://demo-assets.example.invalid/studio/images/2026/04/398616.jpeg,브랜드 온하루,브랜드 온하루,1150,32910000,3000000,1097,491,-6,1,주변기기 카테고리에서 일상 문제를 해결하는 미니 프로젝트입니다.,주변기기,False,0,https://demo-source.example.invalid/web/campaign/detail/398616,/web/campaign/detail/398616,,[],,PURPLE,,True,False,True,B0070,주변기기,success
396372,m_132112578be4,꽂는 순간 숫자로 보이는 충전 속도ㅣ올인원 LED 케이블,2026-04-04T21:59:59+09:00,2026-04-04T21:59:59,2026-04-18T21:59:59,PREORDER,https://demo-assets.example.invalid/studio/images/2026/04/396372.jpeg,메이커 포근,메이커 포근 컴퍼니,37,2040000,3000000,68,19,-22,1,주변기기 카테고리에서 일상 문제를 해결하는 올인원 프로젝트입니다.,주변기기,True,0,https://demo-source.example.invalid/web/campaign/detail/396372,/web/campaign/detail/396372,,[],,,,True,False,False,B0070,주변기기,success
401169,m_812b9594361b,"보이지 않는 바람의 차이, 공간까지 시원한 클린 선풍기",2026-04-05T03:59:59+09:00,2026-04-05T03:59:59,2026-04-26T03:59:59,REWARD,https://demo-assets.example.invalid/studio/images/2026/04/401169.jpeg,주식회사 루미에르,주식회사 루미에르,52,2180000,2000000,109,11,-14,1,테크·가전 카테고리에서 일상 문제를 해결하는 클린 프로젝트입니다.,테크·가전,False,0,https://demo-source.example.invalid/web/campaign/detail/401169,/web/campaign/detail/401169,,[],,,,True,True,True,B0050,테크·가전,success
393766,m_7b155544e4f8,선물하기 좋은 프리미엄 클린 디저트 세트,2026-04-05T17:59:59+09:00,2026-04-05T17:59:59,2026-04-26T17:59:59,PREORDER,https://demo-assets.example.invalid/studio/images/2026/04/393766.jpeg,스튜디오 제로랩,스튜디오 제로랩,298,9880000,1000000,988,132,-14,1,푸드 카테고리에서 일상 문제를 해결하는 클린 프로젝트입니다.,푸드,False,0,https://demo-source.example.invalid/web/campaign/detail/393766,/web/campaign/detail/393766,,[],,BLUE,,True,False,False,B0150,푸드,success
398268,m_5d14d2ff75bc,첫째도 둘째도 쓰는 엄마 추천 감성,2026-04-05T21:59:59+09:00,2026-04-05T21:59:59,2026-05-20T21:59:59,PREORDER,https://demo-assets.example.invalid/studio/images/2026/04/398268.jpeg,주식회사 청연,주식회사 청연 컴퍼니,13,900000,2000000,45,6,10,0,유아·키즈 카테고리에서 일상 문제를 해결하는 감성 프로젝트입니다.,유아·키즈,False,0,https://demo-source.example.invalid/web/campaign/detail/398268,/web/campaign/detail/398268,,[],,,,True,False,False,B0210,유아·키즈,success
395033,m_3511bd577d3b,"여름 출산 준비 필수템, 부드러운 스마트 세트",2026-04-06T13:59:59+09:00,2026-04-06T13:59:59,2026-04-20T13:59:59,PREORDER,https://demo-assets.example.invalid/studio/images/2026/04/395033.jpeg,주식회사 포근,주식회사 포근,63,2260000,1000000,226,27,-20,1,유아·키즈 카테고리에서 일상 문제를 해결하는 스마트 프로젝트입니다.,유아·키즈,False,0,https://demo-source.example.invalid/web/campaign/detail/395033,/web/campaign/detail/395033,,[],,,,True,False,False,B0210,유아·키즈,success
402894,m_259123950c79,첫째도 둘째도 쓰는 엄마 추천 리얼,2026-04-06T15:59:59+09:00,2026-04-06T15:59:59,2026-04-27T15:59:59,REWARD,https://demo-assets.example.invalid/studio/images/2026/04/402894.jpeg,그린웨이,그린웨이 컴퍼니,369,10560000,1000000,1056,42,-13,1,유아·키즈 카테고리에서 일상 문제를 해결하는 리얼 프로젝트입니다.,유아·키즈,False,0,https://demo-source.example.invalid/web/campaign/detail/402894,/web/campaign/detail/402894,,[],,GREEN,,True,False,True,B0210,유아·키즈,success
397670,m_f95308983efd,출근길 배터리 걱정 없는 초경량 에센셜 보조배터리,2026-04-06T20:59:59+09:00,2026-04-06T20:59:59,2026-04-27T20:59:59,REWARD,https://demo-assets.example.invalid/studio/images/2026/04/397670.jpeg,브랜드 유열,브랜드 유열,43,1650000,3000000,55,20,-13,1,주변기기 카테고리에서 일상 문제를 해결하는 에센셜 프로젝트입니다.,주변기기,False,0,https://demo-source.example.invalid/web/campaign/detail/397670,/web/campaign/detail/397670,,[],,,,True,False,False,B0070,주변기기,success
393266,m_c1417f16f801,하루 10분으로 시작하는 실전 바이브 노트,2026-04-07T07:59:59+09:00,2026-04-07T07:59:59,2026-06-06T07:59:59,REWARD,https://demo-assets.example.invalid/studio/images/2026/04/393266.jpeg,브레바,브레바,13,740000,2000000,37,9,27,0,출판 카테고리에서 일상 문제를 해결하는 바이브 프로젝트입니다.,출판,False,0,https://demo-source.example.invalid/web/campaign/detail/393266,/web/campaign/detail/393266,,[],,,,True,False,False,B0110,출판,success
395496,m_b833c898db64,"축축한 욕실 이제 안녕, 초강력 미니 욕실템",2026-04-07T11:59:59+09:00,2026-04-07T11:59:59,2026-04-28T11:59:59,PREORDER,https://demo-assets.example.invalid/studio/images/2026/04/395496.jpeg,메이커 사북상회,메이커 사북상회 컴퍼니,550,8500000,5000000,170,147,-12,1,홈리빙 카테고리에서 일상 문제를 해결하는 미니 프로젝트입니다.,홈리빙,False,0,https://demo-source.example.invalid/web/campaign/detail/395496,/web/campaign/detail/395496,,[],,,,True,False,True,B0120,홈리빙,success
394137,m_fa60b5047bc8,"오픈형이지만 몰입은 깊게, 노이즈캔슬링 초경량",2026-04-07T16:59:59+09:00,2026-04-07T16:59:59,2026-04-28T16:59:59,PREORDER,https://demo-assets.example.invalid/studio/images/2026/04/394137.jpeg,주식회사 메디비티,주식회사 메디비티,21,2010000,3000000,67,5,-12,1,테크·가전 카테고리에서 일상 문제를 해결하는 초경량 프로젝트입니다.,테크·가전,False,0,https://demo-source.example.invalid/web/campaign/detail/394137,/web/campaign/detail/394137,,[],,,,True,False,False,B0050,테크·가전,success
395947,m_136b3704aa95,예민한 아이도 잘 먹는 초경량 간식,2026-04-07T17:59:59+09:00,2026-04-07T17:59:59,2026-04-21T17:59:59,PREORDER,https://demo-assets.example.invalid/studio/images/2026/04/395947.jpeg,메이커 온하루,메이커 온하루,154,2360000,2000000,118,62,-19,1,반려동물 카테고리에서 일상 문제를 해결하는 초경량 프로젝트입니다.,반려동물,False,0,https://demo-source.example.invalid/web/campaign/detail/395947,/web/campaign/detail/395947,,[],,PURPLE,,True,False,False,B0180,반려동물,success
402116,m_57b443e849b2,반려동물 털 걱정을 줄이는 클린 클리너,2026-04-08T02:59:59+09:00,2026-04-08T02:59:59,2026-05-08T02:59:59,PREORDER,https://demo-assets.example.invalid/studio/images/2026/04/402116.jpeg,주식회사 청연,주식회사 청연,8,420000,3000000,14,3,-2,1,반려동물 카테고리에서 일상 문제를 해결하는 클린 프로젝트입니다.,반려동물,False,0,https://demo-source.example.invalid/web/campaign/detail/402116,/web/campaign/detail/402116,,[],,,,True,True,False,B0180,반려동물,success
394190,m_24b62d4bcbac,예민한 피부도 매일 쓰는 저자극 시그니처 세럼,2026-04-08T06:59:59+09:00,2026-04-08T06:59:59,2026-04-29T06:59:59,PREORDER,https://demo-assets.example.invalid/studio/images/2026/04/394190.jpeg,메이커 두이즈,메이커 두이즈,75,3400000,5000000,68,16,-11,1,스킨케어 카테고리에서 일상 문제를 해결하는 시그니처 프로젝트입니다.,스킨케어,True,0,https://demo-source.example.invalid/web/campaign/detail/394190,/web/campaign/detail/394190,,[],,,,True,False,False,B0190,스킨케어,success
396543,m_aca12788bca4,물끓임 필요 없는 셀프히팅 올인원 머신,2026-04-08T08:59:59+09:00,2026-04-08T08:59:59,2026-05-08T08:59:59,PREORDER,https://demo-assets.example.invalid/studio/images/2026/04/396543.jpeg,온하루,온하루 컴퍼니,20,1000000,10000000,10,8,-2,1,테크·가전 카테고리에서 일상 문제를 해결하는 올인원 프로젝트입니다.,테크·가전,True,0,https://demo-source.example.invalid/web/campaign/detail/396543,/web/campaign/detail/396543,,[],,,,True,False,True,B0050,테크·가전,success
400309,m_f6d98a26be6c,"보이지 않는 바람의 차이, 공간까지 시원한 프로 선풍기",2026-04-08T12:59:59+09:00,2026-04-08T12:59:59,2026-05-08T12:59:59,PREORDER,https://demo-assets.example.invalid/studio/images/2026/04/400309.jpeg,메이커 그린웨이,메이커 그린웨이,39,2220000,3000000,74,15,-2,1,테크·가전 카테고리에서 일상 문제를 해결하는 프로 프로젝트입니다.,테크·가전,False,0,https://demo-source.example.invalid/web/campaign/detail/400309,/web/campaign/detail/400309,,[],,,,True,False,True,B0050,테크·가전,success
397500,m_d74d6af4ef69,출근길 배터리 걱정 없는 초경량 올인원 보조배터리,2026-04-08T17:59:59+09:00,2026-04-08T17:59:59,2026-05-08T17:59:59,PREORDER,https://demo-assets.example.invalid/studio/images/2026/04/397500.jpeg,스튜디오 무딕스,스튜디오 무딕스,13,370000,1000000,37,4,-2,1,주변기기 카테고리에서 일상 문제를 해결하는 올인원 프로젝트입니다.,주변기기,False,0,https://demo-source.example.invalid/web/campaign/detail/397500,/web/campaign/detail/397500,,[],,,,True,False,True,B0070,주변기기,success
400387,m_06afddbbdd10,초보자를 위한 친절한 하이브리드 가이드북,2026-04-08T21:59:59+09:00,2026-04-08T21:59:59,2026-05-08T21:59:59,PREORDER,https://demo-assets.example.invalid/studio/images/2026/04/400387.jpeg,주식회사 로컬랩,주식회사 로컬랩 컴퍼니,924,38400000,20000000,192,379,-2,1,출판 카테고리에서 일상 문제를 해결하는 하이브리드 프로젝트입니다.,출판,False,0,https://demo-source.example.invalid/web/campaign/detail/400387,/web/campaign/detail/400387,,[],,GREEN,,True,False,True,B0110,출판,success
397646,m_75acb8a78083,가죽 장인의 손맛을 담은 미니멀 초경량 지갑,2026-04-09T03:59:59+09:00,2026-04-09T03:59:59,2026-05-09T03:59:59,PREORDER,https://demo-assets.example.invalid/studio/images/2026/04/397646.jpeg,스튜디오 두이즈,스튜디오 두이즈 컴퍼니,19,360000,1000000,36,12,-1,1,패션·잡화 카테고리에서 일상 문제를 해결하는 초경량 프로젝트입니다.,패션·잡화,False,0,https://demo-source.example.invalid/web/campaign/detail/397646,/web/campaign/detail/397646,,[],,,,True,False,False,B0170,패션·잡화,success
397169,m_0c06f8cd7ede,"보이지 않는 바람의 차이, 공간까지 시원한 미니 선풍기",2026-04-09T23:59:59+09:00,2026-04-09T23:59:59,2026-05-09T23:59:59,REWARD,https://demo-assets.example.invalid/studio/images/2026/04/397169.jpeg,주식회사 사북상회,주식회사 사북상회,406,15500000,10000000,155,98,-1,1,테크·가전 카테고리에서 일상 문제를 해결하는 미니 프로젝트입니다.,테크·가전,False,0,https://demo-source.example.invalid/web/campaign/detail/397169,/web/campaign/detail/397169,,[],,,,True,False,False,B0050,테크·가전,success
395945,m_9d19d186638c,"오픈형이지만 몰입은 깊게, 노이즈캔슬링 데일리",2026-04-10T07:59:59+09:00,2026-04-10T07:59:59,2026-05-01T07:59:59,PREORDER,https://demo-assets.example.invalid/studio/images/2026/04/395945.jpeg,스튜디오 그린웨이,스튜디오 그린웨이,269,13000000,5000000,260,48,-9,1,테크·가전 카테고리에서 일상 문제를 해결하는 데일리 프로젝트입니다.,테크·가전,False,0,https://demo-source.example.invalid/web/campaign/detail/395945,/web/campaign/detail/395945,,[],,,,True,False,False,B0050,테크·가전,success
395595,m_17dc402eb8d6,물끓임 필요 없는 셀프히팅 클린 머신,2026-04-10T16:59:59+09:00,2026-04-10T16:59:59,2026-05-01T16:59:59,PREORDER,https://demo-assets.example.invalid/studio/images/2026/04/395595.jpeg,브랜드 그린웨이,브랜드 그린웨이,2924,134400000,10000000,1344,1198,-9,1,테크·가전 카테고리에서 일상 문제를 해결하는 클린 프로젝트입니다.,테크·가전,True,0,https://demo-source.example.invalid/web/campaign/detail/395595,/web/campaign/detail/395595,,[],,,,True,False,False,B0050,테크·가전,success
398206,m_adb4e4c3054e,정선 사북의 특별한 이야기를 담은 에센셜 베이커리,2026-04-11T01:59:59+09:00,2026-04-11T01:59:59,2026-04-25T01:59:59,PREORDER,https://demo-assets.example.invalid/studio/images/2026/04/398206.jpeg,스튜디오 유열,스튜디오 유열,184,7400000,10000000,74,59,-15,1,푸드 카테고리에서 일상 문제를 해결하는 에센셜 프로젝트입니다.,푸드,False,0,https://demo-source.example.invalid/web/campaign/detail/398206,/web/campaign/detail/398206,,[],,,,True,False,False,B0150,푸드,success
402443,m_015f56c5b8b9,"아침 3분 완성, 진한 풍미의 스마트 간편식",2026-04-11T03:59:59+09:00,2026-04-11T03:59:59,2026-04-25T03:59:59,REWARD,https://demo-assets.example.invalid/studio/images/2026/04/402443.jpeg,주식회사 리빙온,주식회사 리빙온,543,28400000,20000000,142,222,-15,1,푸드 카테고리에서 일상 문제를 해결하는 스마트 프로젝트입니다.,푸드,False,0,https://demo-source.example.invalid/web/campaign/detail/402443,/web/campaign/detail/402443,,[],,,,True,False,False,B0150,푸드,success
400928,m_f61a5a94a5f8,피부의 기초 상태를 바꾸는 바이브 앰플+크림세트,2026-04-11T13:59:59+09:00,2026-04-11T13:59:59,2026-05-26T13:59:59,PREORDER,https://demo-assets.example.invalid/studio/images/2026/04/400928.jpeg,스튜디오 로컬랩,스튜디오 로컬랩 컴퍼니,400,11600000,20000000,58,175,16,0,스킨케어 카테고리에서 일상 문제를 해결하는 바이브 프로젝트입니다.,스킨케어,False,0,https://demo-source.example.invalid/web/campaign/detail/400928,/web/campaign/detail/400928,,[],,GREEN,,True,True,False,B0190,스킨케어,success
394878,m_fd0b6645aa9b,예민한 피부도 매일 쓰는 저자극 스마트 세럼,2026-04-11T20:59:59+09:00,2026-04-11T20:59:59,2026-05-11T20:59:59,PREORDER,https://demo-assets.example.invalid/studio/images/2026/04/394878.jpeg,스튜디오 메디비티,스튜디오 메디비티,48,2280000,3000000,76,15,1,0,스킨케어 카테고리에서 일상 문제를 해결하는 스마트 프로젝트입니다.,스킨케어,False,0,https://demo-source.example.invalid/web/campaign/detail/394878,/web/campaign/detail/394878,,[],,BLUE,,True,False,True,B0190,스킨케어,success
396229,m_5a5f8535b3bf,출근길 배터리 걱정 없는 초경량 프리미엄 보조배터리,2026-04-11T21:59:59+09:00,2026-04-11T21:59:59,2026-05-02T21:59:59,PREORDER,https://demo-assets.example.invalid/studio/images/2026/04/396229.jpeg,스튜디오 유열,스튜디오 유열 컴퍼니,55,3090000,3000000,103,22,-8,1,주변기기 카테고리에서 일상 문제를 해결하는 프리미엄 프로젝트입니다.,주변기기,False,0,https://demo-source.example.invalid/web/campaign/detail/396229,/web/campaign/detail/396229,,[],,,,True,False,False,B0070,주변기기,success
400624,m_9f3ffacaa0fa,"오픈형이지만 몰입은 깊게, 노이즈캔슬링 클린",2026-04-12T16:59:59+09:00,2026-04-12T16:59:59,2026-05-12T16:59:59,PREORDER,https://demo-assets.example.invalid/studio/images/2026/04/400624.jpeg,스튜디오 두이즈,스튜디오 두이즈 컴퍼니,14,470000,1000000,47,11,2,0,테크·가전 카테고리에서 일상 문제를 해결하는 클린 프로젝트입니다.,테크·가전,True,0,https://demo-source.example.invalid/web/campaign/detail/400624,/web/campaign/detail/400624,,[],,,,True,True,False,B0050,테크·가전,success
399599,m_769e034ca3bb,출근룩부터 여행까지 가능한 데일리 슈즈,2026-04-13T09:59:59+09:00,2026-04-13T09:59:59,2026-05-04T09:59:59,REWARD,https://demo-assets.example.invalid/studio/images/2026/04/399599.jpeg,메이커 로컬랩,메이커 로컬랩,33,1980000,3000000,66,11,-6,1,패션·잡화 카테고리에서 일상 문제를 해결하는 데일리 프로젝트입니다.,패션·잡화,False,0,https://demo-source.example.invalid/web/campaign/detail/399599,/web/campaign/detail/399599,,[],,,,True,False,True,B0170,패션·잡화,success
398710,m_1cd1c5d11c8d,13층 깊은 보습에 피부 열감까지 내리는 초경량 크림,2026-04-14T02:59:59+09:00,2026-04-14T02:59:59,2026-05-14T02:59:59,PREORDER,https://demo-assets.example.invalid/studio/images/2026/04/398710.jpeg,주식회사 제로랩,주식회사 제로랩,55,460000,1000000,46,20,4,0,스킨케어 카테고리에서 일상 문제를 해결하는 초경량 프로젝트입니다.,스킨케어,True,0,https://demo-source.example.invalid/web/campaign/detail/398710,/web/campaign/detail/398710,,[],,,,True,False,False,B0190,스킨케어,success
402292,m_edba4957ab15,가죽 장인의 손맛을 담은 미니멀 올인원 지갑,2026-04-14T09:59:59+09:00,2026-04-14T09:59:59,2026-05-14T09:59:59,REWARD,https://demo-assets.example.invalid/studio/images/2026/04/402292.jpeg,메이커 포근,메이커 포근 컴퍼니,39,2680000,2000000,134,9,4,0,패션·잡화 카테고리에서 일상 문제를 해결하는 올인원 프로젝트입니다.,패션·잡화,False,0,https://demo-source.example.invalid/web/campaign/detail/402292,/web/campaign/detail/402292,,[],,,,True,False,False,B0170,패션·잡화,success
399126,m_044d5378f746,정선 사북의 특별한 이야기를 담은 초경량 베이커리,2026-04-14T15:59:59+09:00,2026-04-14T15:59:59,2026-05-05T15:59:59,PREORDER,https://demo-assets.example.invalid/studio/images/2026/04/399126.jpeg,주식회사 포근,주식회사 포근 컴퍼니,630,57200000,10000000,572,259,-5,1,푸드 카테고리에서 일상 문제를 해결하는 초경량 프로젝트입니다.,푸드,False,0,https://demo-source.example.invalid/web/campaign/detail/399126,/web/campaign/detail/399126,,[],,,,True,False,False,B0150,푸드,success
393606,m_d195f62deff4,아이의 수면 루틴을 돕는 시그니처 침구,2026-04-14T18:59:59+09:00,2026-04-14T18:59:59,2026-05-29T18:59:59,PREORDER,https://demo-assets.example.invalid/studio/images/2026/04/393606.jpeg,주식회사 유열,주식회사 유열,2201,94700000,10000000,947,897,19,0,유아·키즈 카테고리에서 일상 문제를 해결하는 시그니처 프로젝트입니다.,유아·키즈,False,0,https://demo-source.example.invalid/web/campaign/detail/393606,/web/campaign/detail/393606,,[],,BLUE,,True,True,True,B0210,유아·키즈,success
393553,m_f21e2c5c1798,예민한 피부도 매일 쓰는 저자극 감성 세럼,2026-04-15T14:59:59+09:00,2026-04-15T14:59:59,2026-05-15T14:59:59,REWARD,https://demo-assets.example.invalid/studio/images/2026/04/393553.jpeg,메이커 무딕스,메이커 무딕스,117,5750000,5000000,115,41,5,0,스킨케어 카테고리에서 일상 문제를 해결하는 감성 프로젝트입니다.,스킨케어,False,0,https://demo-source.example.invalid/web/campaign/detail/393553,/web/campaign/detail/393553,,[],,,,True,False,False,B0190,스킨케어,success
398861,m_127f3c3c0a78,"보이지 않는 바람의 차이, 공간까지 시원한 스마트 선풍기",2026-04-15T15:59:59+09:00,2026-04-15T15:59:59,2026-05-15T15:59:59,PREORDER,https://demo-assets.example.invalid/studio/images/2026/04/398861.jpeg,스튜디오 두이즈,스튜디오 두이즈,47,1680000,3000000,56,12,5,0,테크·가전 카테고리에서 일상 문제를 해결하는 스마트 프로젝트입니다.,테크·가전,True,0,https://demo-source.example.invalid/web/campaign/detail/398861,/web/campaign/detail/398861,,[],,,,True,True,False,B0050,테크·가전,success
396272,m_4a5022861dac,"전 객실 오션뷰 감성 숙소, 제로 카라반 패키지",2026-04-15T16:59:59+09:00,2026-04-15T16:59:59,2026-05-15T16:59:59,PREORDER,https://demo-assets.example.invalid/studio/images/2026/04/396272.jpeg,스튜디오 유열,스튜디오 유열 컴퍼니,547,11400000,20000000,57,94,5,0,여행·레저 카테고리에서 일상 문제를 해결하는 제로 프로젝트입니다.,여행·레저,True,0,https://demo-source.example.invalid/web/campaign/detail/396272,/web/campaign/detail/396272,,[],,PURPLE,,True,False,False,B0140,여행·레저,success
402294,m_e8c5c503ec42,선물하기 좋은 프리미엄 컴팩트 디저트 세트,2026-04-16T02:59:59+09:00,2026-04-16T02:59:59,2026-06-15T02:59:59,PREORDER,https://demo-assets.example.invalid/studio/images/2026/04/402294.jpeg,스튜디오 리빙온,스튜디오 리빙온,443,18520000,1000000,1852,74,36,0,푸드 카테고리에서 일상 문제를 해결하는 컴팩트 프로젝트입니다.,푸드,False,0,https://demo-source.example.invalid/web/campaign/detail/402294,/web/campaign/detail/402294,,[],,,,True,False,True,B0150,푸드,success
397555,m_5b5ba218f564,예민한 피부도 매일 쓰는 저자극 바이브 세럼,2026-04-16T09:59:59+09:00,2026-04-16T09:59:59,2026-05-07T09:59:59,PREORDER,https://demo-assets.example.invalid/studio/images/2026/04/397555.jpeg,스튜디오 유열,스튜디오 유열,69,2310000,3000000,77,21,-3,1,스킨케어 카테고리에서 일상 문제를 해결하는 바이브 프로젝트입니다.,스킨케어,False,0,https://demo-source.example.invalid/web/campaign/detail/397555,/web/campaign/detail/397555,,[],,,,True,False,False,B0190,스킨케어,success
397496,m_2a6778bfec02,하루 10분으로 시작하는 실전 프리미엄 노트,2026-04-16T12:59:59+09:00,2026-04-16T12:59:59,2026-05-07T12:59:59,PREORDER,https://demo-assets.example.invalid/studio/images/2026/04/397496.jpeg,브랜드 온하루,브랜드 온하루,962,34300000,10000000,343,124,-3,1,출판 카테고리에서 일상 문제를 해결하는 프리미엄 프로젝트입니다.,출판,True,0,https://demo-source.example.invalid/web/campaign/detail/397496,/web/campaign/detail/397496,,[],,PURPLE,,True,False,True,B0110,출판,success
393178,m_d2169a9c986c,가죽 장인의 손맛을 담은 미니멀 바이브 지갑,2026-04-17T15:59:59+09:00,2026-04-17T15:59:59,2026-05-17T15:59:59,PREORDER,https://demo-assets.example.invalid/studio/images/2026/04/393178.jpeg,주식회사 무딕스,주식회사 무딕스,53,2150000,5000000,43,10,7,0,패션·잡화 카테고리에서 일상 문제를 해결하는 바이브 프로젝트입니다.,패션·잡화,False,0,https://demo-source.example.invalid/web/campaign/detail/393178,/web/campaign/detail/393178,,[],,,,True,False,True,B0170,패션·잡화,success
401378,m_053b8837c829,예민한 피부도 매일 쓰는 저자극 미니 세럼,2026-04-17T23:59:59+09:00,2026-04-17T23:59:59,2026-06-01T23:59:59,PREORDER,https://demo-assets.example.invalid/studio/images/2026/04/401378.jpeg,스튜디오 메디비티,스튜디오 메디비티,55,2250000,5000000,45,13,22,0,스킨케어 카테고리에서 일상 문제를 해결하는 미니 프로젝트입니다.,스킨케어,True,0,https://demo-source.example.invalid/web/campaign/detail/401378,/web/campaign/detail/401378,,[],,GREEN,,False,False,False,B0190,스킨케어,success
400035,m_4cf09c08bd2e,정선 사북의 특별한 이야기를 담은 하이브리드 베이커리,2026-04-18T04:59:59+09:00,2026-04-18T04:59:59,2026-05-09T04:59:59,PREORDER,https://demo-assets.example.invalid/studio/images/2026/04/400035.jpeg,주식회사 리빙온,주식회사 리빙온,504,4000000,1000000,400,92,-1,1,푸드 카테고리에서 일상 문제를 해결하는 하이브리드 프로젝트입니다.,푸드,False,0,https://demo-source.example.invalid/web/campaign/detail/400035,/web/campaign/detail/400035,,[],,,,True,False,False,B0150,푸드,success
400101,m_590f793b5034,예민한 피부도 매일 쓰는 저자극 올인원 세럼,2026-04-18T08:59:59+09:00,2026-04-18T08:59:59,2026-06-02T08:59:59,PREORDER,https://demo-assets.example.invalid/studio/images/2026/04/400101.jpeg,리디아,리디아 컴퍼니,219,3800000,10000000,38,60,23,0,스킨케어 카테고리에서 일상 문제를 해결하는 올인원 프로젝트입니다.,스킨케어,False,0,https://demo-source.example.invalid/web/campaign/detail/400101,/web/campaign/detail/400101,,[],,,,True,False,False,B0190,스킨케어,success
399714,m_df001a5319ca,꽂는 순간 숫자로 보이는 충전 속도ㅣ리얼 LED 케이블,2026-04-18T09:59:59+09:00,2026-04-18T09:59:59,2026-05-02T09:59:59,REWARD,https://demo-assets.example.invalid/studio/images/2026/04/399714.jpeg,주식회사 아이무드,주식회사 아이무드 컴퍼니,768,54400000,5000000,1088,205,-8,1,주변기기 카테고리에서 일상 문제를 해결하는 리얼 프로젝트입니다.,주변기기,False,0,https://demo-source.example.invalid/web/campaign/detail/399714,/web/campaign/detail/399714,,[],,BLUE,,True,True,False,B0070,주변기기,success
400418,m_862b5e1e9918,집에서도 가능한 컴팩트 미니 트레이닝 세트,2026-04-18T09:59:59+09:00,2026-04-18T09:59:59,2026-05-02T09:59:59,REWARD,https://demo-assets.example.invalid/studio/images/2026/04/400418.jpeg,브랜드 루미에르,브랜드 루미에르 컴퍼니,23,1030000,1000000,103,5,-8,1,스포츠·모빌리티 카테고리에서 일상 문제를 해결하는 미니 프로젝트입니다.,스포츠·모빌리티,False,0,https://demo-source.example.invalid/web/campaign/detail/400418,/web/campaign/detail/400418,,[],,,,True,False,False,B0160,스포츠·모빌리티,success
402615,m_edcdb06b514e,선물하기 좋은 프리미엄 클린 디저트 세트,2026-04-18T20:59:59+09:00,2026-04-18T20:59:59,2026-05-18T20:59:59,REWARD,https://demo-assets.example.invalid/studio/images/2026/04/402615.jpeg,청연,청연 컴퍼니,54,1560000,2000000,78,26,8,0,푸드 카테고리에서 일상 문제를 해결하는 클린 프로젝트입니다.,푸드,False,0,https://demo-source.example.invalid/web/campaign/detail/402615,/web/campaign/detail/402615,,[],,GREEN,,False,False,False,B0150,푸드,success
394685,m_e9a30aa97877,가죽 장인의 손맛을 담은 미니멀 초경량 지갑,2026-04-19T08:59:59+09:00,2026-04-19T08:59:59,2026-05-19T08:59:59,PREORDER,https://demo-assets.example.invalid/studio/images/2026/04/394685.jpeg,주식회사 두이즈,주식회사 두이즈,25,1140000,1000000,114,8,9,0,패션·잡화 카테고리에서 일상 문제를 해결하는 초경량 프로젝트입니다.,패션·잡화,True,0,https://demo-source.example.invalid/web/campaign/detail/394685,/web/campaign/detail/394685,,[],,PURPLE,,True,False,False,B0170,패션·잡화,success
399089,m_3985324b544b,"전 객실 오션뷰 감성 숙소, 에센셜 카라반 패키지",2026-04-19T09:59:59+09:00,2026-04-19T09:59:59,2026-06-03T09:59:59,PREORDER,https://demo-assets.example.invalid/studio/images/2026/04/399089.jpeg,주식회사 포근,주식회사 포근,25,1410000,3000000,47,11,24,0,여행·레저 카테고리에서 일상 문제를 해결하는 에센셜 프로젝트입니다.,여행·레저,False,0,https://demo-source.example.invalid/web/campaign/detail/399089,/web/campaign/detail/399089,,[],,,,True,False,False,B0140,여행·레저,success
401486,m_d025ccdf7da8,매일 들어도 가벼운 생활방수 프리미엄 백팩,2026-04-19T20:59:59+09:00,2026-04-19T20:59:59,2026-06-03T20:59:59,PREORDER,https://demo-assets.example.invalid/studio/images/2026/04/401486.jpeg,스튜디오 루미에르,스튜디오 루미에르 컴퍼니,13,1020000,3000000,34,11,24,0,패션·잡화 카테고리에서 일상 문제를 해결하는 프리미엄 프로젝트입니다.,패션·잡화,True,0,https://demo-source.example.invalid/web/campaign/detail/401486,/web/campaign/detail/401486,,[],,,,True,False,False,B0170,패션·잡화,success
398105,m_1161d90c92de,예민한 피부도 매일 쓰는 저자극 미니 세럼,2026-04-19T22:59:59+09:00,2026-04-19T22:59:59,2026-05-03T22:59:59,PREORDER,https://demo-assets.example.invalid/studio/images/2026/04/398105.jpeg,아이무드,아이무드,40,1800000,10000000,18,14,-7,1,스킨케어 카테고리에서 일상 문제를 해결하는 미니 프로젝트입니다.,스킨케어,False,0,https://demo-source.example.invalid/web/campaign/detail/398105,/web/campaign/detail/398105,,[],,,,True,True,False,B0190,스킨케어,success
393082,m_64cc4bda32c9,매일 들어도 가벼운 생활방수 프로 백팩,2026-04-20T03:59:59+09:00,2026-04-20T03:59:59,2026-05-11T03:59:59,REWARD,https://demo-assets.example.invalid/studio/images/2026/04/393082.jpeg,루미에르,루미에르,86,5400000,10000000,54,19,1,0,패션·잡화 카테고리에서 일상 문제를 해결하는 프로 프로젝트입니다.,패션·잡화,False,0,https://demo-source.example.invalid/web/campaign/detail/393082,/web/campaign/detail/393082,,[],,,,False,False,False,B0170,패션·잡화,success
402830,m_24ad0c727f49,13층 깊은 보습에 피부 열감까지 내리는 하이브리드 크림,2026-04-20T04:59:59+09:00,2026-04-20T04:59:59,2026-05-20T04:59:59,PREORDER,https://demo-assets.example.invalid/studio/images/2026/04/402830.jpeg,루미에르,루미에르,424,27810000,3000000,927,109,10,0,스킨케어 카테고리에서 일상 문제를 해결하는 하이브리드 프로젝트입니다.,스킨케어,True,0,https://demo-source.example.invalid/web/campaign/detail/402830,/web/campaign/detail/402830,,[],,GREEN,,True,False,False,B0190,스킨케어,success
400363,m_00fd0681f890,첫째도 둘째도 쓰는 엄마 추천 올인원,2026-04-20T04:59:59+09:00,2026-04-20T04:59:59,2026-05-11T04:59:59,PREORDER,https://demo-assets.example.invalid/studio/images/2026/04/400363.jpeg,주식회사 사북상회,주식회사 사북상회 컴퍼니,249,20200000,20000000,101,99,1,0,유아·키즈 카테고리에서 일상 문제를 해결하는 올인원 프로젝트입니다.,유아·키즈,False,0,https://demo-source.example.invalid/web/campaign/detail/400363,/web/campaign/detail/400363,,[],,,,True,False,False,B0210,유아·키즈,success
396242,m_d975d59e7084,"축축한 욕실 이제 안녕, 초강력 제로 욕실템",2026-04-20T08:59:59+09:00,2026-04-20T08:59:59,2026-05-11T08:59:59,PREORDER,https://demo-assets.example.invalid/studio/images/2026/04/396242.jpeg,주식회사 온하루,주식회사 온하루,89,2600000,20000000,13,37,1,0,홈리빙 카테고리에서 일상 문제를 해결하는 제로 프로젝트입니다.,홈리빙,False,0,https://demo-source.example.invalid/web/campaign/detail/396242,/web/campaign/detail/396242,,[],,GREEN,,True,False,False,B0120,홈리빙,success
397451,m_8b0ceb969e1a,"축축한 욕실 이제 안녕, 초강력 프로 욕실템",2026-04-20T10:59:59+09:00,2026-04-20T10:59:59,2026-05-20T10:59:59,PREORDER,https://demo-assets.example.invalid/studio/images/2026/04/397451.jpeg,주식회사 포근,주식회사 포근,3800,147400000,20000000,737,1447,10,0,홈리빙 카테고리에서 일상 문제를 해결하는 프로 프로젝트입니다.,홈리빙,False,0,https://demo-source.example.invalid/web/campaign/detail/397451,/web/campaign/detail/397451,,[],,,,True,False,False,B0120,홈리빙,success
400652,m_c14edb60c657,정선 사북의 특별한 이야기를 담은 제로 베이커리,2026-04-20T13:59:59+09:00,2026-04-20T13:59:59,2026-05-11T13:59:59,REWARD,https://demo-assets.example.invalid/studio/images/2026/04/400652.jpeg,메이커 포근,메이커 포근 컴퍼니,75,4200000,10000000,42,12,1,0,푸드 카테고리에서 일상 문제를 해결하는 제로 프로젝트입니다.,푸드,False,0,https://demo-source.example.invalid/web/campaign/detail/400652,/web/campaign/detail/400652,,[],,,,True,False,False,B0150,푸드,success
396264,m_002fad3aee40,노트북 책상을 깔끔하게 만드는 스마트 멀티 허브,2026-04-20T17:59:59+09:00,2026-04-20T17:59:59,2026-05-11T17:59:59,PREORDER,https://demo-assets.example.invalid/studio/images/2026/04/396264.jpeg,스튜디오 그린웨이,스튜디오 그린웨이,153,8760000,1000000,876,23,1,0,주변기기 카테고리에서 일상 문제를 해결하는 스마트 프로젝트입니다.,주변기기,False,0,https://demo-source.example.invalid/web/campaign/detail/396264,/web/campaign/detail/396264,,[],,,,True,False,False,B0070,주변기기,success
394225,m_2927af445d05,가죽 장인의 손맛을 담은 미니멀 프로 지갑,2026-04-21T02:59:59+09:00,2026-04-21T02:59:59,2026-05-21T02:59:59,REWARD,https://demo-assets.example.invalid/studio/images/2026/04/394225.jpeg,주식회사 아이무드,주식회사 아이무드,9,140000,1000000,14,4,11,0,패션·잡화 카테고리에서 일상 문제를 해결하는 프로 프로젝트입니다.,패션·잡화,False,0,https://demo-source.example.invalid/web/campaign/detail/394225,/web/campaign/detail/394225,,[],,BLUE,,True,False,False,B0170,패션·잡화,success
396476,m_3dc4d26c3511,"전 객실 오션뷰 감성 숙소, 초경량 카라반 패키지",2026-04-21T03:59:59+09:00,2026-04-21T03:59:59,2026-06-05T03:59:59,PREORDER,https://demo-assets.example.invalid/studio/images/2026/04/396476.jpeg,메이커 루미에르,메이커 루미에르,266,21630000,3000000,721,111,26,0,여행·레저 카테고리에서 일상 문제를 해결하는 초경량 프로젝트입니다.,여행·레저,False,0,https://demo-source.example.invalid/web/campaign/detail/396476,/web/campaign/detail/396476,,[],,,,True,False,True,B0140,여행·레저,success
393515,m_6174da3a5b50,"보이지 않는 바람의 차이, 공간까지 시원한 감성 선풍기",2026-04-21T11:59:59+09:00,2026-04-21T11:59:59,2026-06-05T11:59:59,PREORDER,https://demo-assets.example.invalid/studio/images/2026/04/393515.jpeg,리디아,리디아 컴퍼니,1819,48850000,5000000,977,267,26,0,테크·가전 카테고리에서 일상 문제를 해결하는 감성 프로젝트입니다.,테크·가전,True,0,https://demo-source.example.invalid/web/campaign/detail/393515,/web/campaign/detail/393515,,[],,BLUE,,True,False,False,B0050,테크·가전,success
399879,m_e6a8ccf007e5,출근길 배터리 걱정 없는 초경량 감성 보조배터리,2026-04-21T22:59:59+09:00,2026-04-21T22:59:59,2026-05-21T22:59:59,PREORDER,https://demo-assets.example.invalid/studio/images/2026/04/399879.jpeg,무딕스,무딕스 컴퍼니,65,1320000,2000000,66,10,11,0,주변기기 카테고리에서 일상 문제를 해결하는 감성 프로젝트입니다.,주변기기,False,0,https://demo-source.example.invalid/web/campaign/detail/399879,/web/campaign/detail/399879,,[],,,,True,False,False,B0070,주변기기,success
398244,m_c5c298a77f63,출근길 배터리 걱정 없는 초경량 미니 보조배터리,2026-04-22T07:59:59+09:00,2026-04-22T07:59:59,2026-05-22T07:59:59,PREORDER,https://demo-assets.example.invalid/studio/images/2026/04/398244.jpeg,두이즈,두이즈,2375,199800000,20000000,999,729,12,0,주변기기 카테고리에서 일상 문제를 해결하는 미니 프로젝트입니다.,주변기기,False,0,https://demo-source.example.invalid/web/campaign/detail/398244,/web/campaign/detail/398244,,[],,GREEN,,True,False,False,B0070,주변기기,success
396562,m_3a301d728ed4,"보이지 않는 바람의 차이, 공간까지 시원한 제로 선풍기",2026-04-22T08:59:59+09:00,2026-04-22T08:59:59,2026-05-13T08:59:59,PREORDER,https://demo-assets.example.invalid/studio/images/2026/04/396562.jpeg,유열,유열 컴퍼니,91,4360000,1000000,436,24,3,0,테크·가전 카테고리에서 일상 문제를 해결하는 제로 프로젝트입니다.,테크·가전,True,0,https://demo-source.example.invalid/web/campaign/detail/396562,/web/campaign/detail/396562,,[],,GREEN,,True,False,True,B0050,테크·가전,success
402853,m_e5da605f9f8d,"아침 3분 완성, 진한 풍미의 시그니처 간편식",2026-04-22T23:59:59+09:00,2026-04-22T23:59:59,2026-05-13T23:59:59,REWARD,https://demo-assets.example.invalid/studio/images/2026/04/402853.jpeg,스튜디오 사북상회,스튜디오 사북상회,15,220000,2000000,11,4,3,0,푸드 카테고리에서 일상 문제를 해결하는 시그니처 프로젝트입니다.,푸드,False,0,https://demo-source.example.invalid/web/campaign/detail/402853,/web/campaign/detail/402853,,[],,BLUE,,True,False,False,B0150,푸드,success
402562,m_79f455ef6788,출근길 배터리 걱정 없는 초경량 시그니처 보조배터리,2026-04-23T04:59:59+09:00,2026-04-23T04:59:59,2026-05-23T04:59:59,PREORDER,https://demo-assets.example.invalid/studio/images/2026/04/402562.jpeg,그린웨이,그린웨이,582,21400000,2000000,1070,107,13,0,주변기기 카테고리에서 일상 문제를 해결하는 시그니처 프로젝트입니다.,주변기기,True,0,https://demo-source.example.invalid/web/campaign/detail/402562,/web/campaign/detail/402562,,[],,PURPLE,,True,False,False,B0070,주변기기,success
397808,m_17673e43d785,산책이 편해지는 초경량 스마트 리드줄,2026-04-23T08:59:59+09:00,2026-04-23T08:59:59,2026-05-23T08:59:59,REWARD,https://demo-assets.example.invalid/studio/images/2026/04/397808.jpeg,메이커 제로랩,메이커 제로랩,2306,129200000,20000000,646,911,13,0,반려동물 카테고리에서 일상 문제를 해결하는 스마트 프로젝트입니다.,반려동물,False,0,https://demo-source.example.invalid/web/campaign/detail/397808,/web/campaign/detail/397808,,[],,,,True,False,True,B0180,반려동물,success
397483,m_be585c935088,가볍게 떠나는 주말 캠핑용 프리미엄 세트,2026-04-23T08:59:59+09:00,2026-04-23T08:59:59,2026-05-14T08:59:59,REWARD,https://demo-assets.example.invalid/studio/images/2026/04/397483.jpeg,주식회사 온하루,주식회사 온하루 컴퍼니,5163,86600000,10000000,866,1101,4,0,여행·레저 카테고리에서 일상 문제를 해결하는 프리미엄 프로젝트입니다.,여행·레저,False,0,https://demo-source.example.invalid/web/campaign/detail/397483,/web/campaign/detail/397483,,[],,,,True,True,False,B0140,여행·레저,success
395270,m_638f56a2d3f4,출퇴근을 가볍게 만드는 스마트 모빌리티 용품,2026-04-23T10:59:59+09:00,2026-04-23T10:59:59,2026-05-23T10:59:59,PREORDER,https://demo-assets.example.invalid/studio/images/2026/04/395270.jpeg,제로랩,제로랩 컴퍼니,9,380000,2000000,19,8,13,0,스포츠·모빌리티 카테고리에서 일상 문제를 해결하는 스마트 프로젝트입니다.,스포츠·모빌리티,False,0,https://demo-source.example.invalid/web/campaign/detail/395270,/web/campaign/detail/395270,,[],,GREEN,,True,False,False,B0160,스포츠·모빌리티,success
398222,m_9b0e164100a7,반려동물 털 걱정을 줄이는 감성 클리너,2026-04-23T11:59:59+09:00,2026-04-23T11:59:59,2026-06-07T11:59:59,PREORDER,https://demo-assets.example.invalid/studio/images/2026/04/398222.jpeg,주식회사 로컬랩,주식회사 로컬랩,660,46600000,20000000,233,191,28,0,반려동물 카테고리에서 일상 문제를 해결하는 감성 프로젝트입니다.,반려동물,False,0,https://demo-source.example.invalid/web/campaign/detail/398222,/web/campaign/detail/398222,,[],,,,True,False,True,B0180,반려동물,success
402190,m_9b3c0d011293,13층 깊은 보습에 피부 열감까지 내리는 프로 크림,2026-04-23T12:59:59+09:00,2026-04-23T12:59:59,2026-05-07T12:59:59,REWARD,https://demo-assets.example.invalid/studio/images/2026/04/402190.jpeg,브랜드 사북상회,브랜드 사북상회,583,30990000,3000000,1033,112,-3,1,스킨케어 카테고리에서 일상 문제를 해결하는 프로 프로젝트입니다.,스킨케어,False,0,https://demo-source.example.invalid/web/campaign/detail/402190,/web/campaign/detail/402190,,[],,GREEN,,True,False,False,B0190,스킨케어,success
398355,m_9e48d15b269f,선물하기 좋은 프리미엄 컴팩트 디저트 세트,2026-04-23T12:59:59+09:00,2026-04-23T12:59:59,2026-05-23T12:59:59,REWARD,https://demo-assets.example.invalid/studio/images/2026/04/398355.jpeg,브레바,브레바 컴퍼니,482,15000000,20000000,75,213,13,0,푸드 카테고리에서 일상 문제를 해결하는 컴팩트 프로젝트입니다.,푸드,True,0,https://demo-source.example.invalid/web/campaign/detail/398355,/web/campaign/detail/398355,,[],,,,True,False,False,B0150,푸드,success
400698,m_0d802938d556,꽂는 순간 숫자로 보이는 충전 속도ㅣ감성 LED 케이블,2026-04-23T15:59:59+09:00,2026-04-23T15:59:59,2026-05-07T15:59:59,PREORDER,https://demo-assets.example.invalid/studio/images/2026/04/400698.jpeg,주식회사 그린웨이,주식회사 그린웨이,71,3600000,5000000,72,24,-3,1,주변기기 카테고리에서 일상 문제를 해결하는 감성 프로젝트입니다.,주변기기,False,0,https://demo-source.example.invalid/web/campaign/detail/400698,/web/campaign/detail/400698,,[],,,,True,True,False,B0070,주변기기,success
399552,m_9251d067df01,"축축한 욕실 이제 안녕, 초강력 클린 욕실템",2026-04-24T07:59:59+09:00,2026-04-24T07:59:59,2026-05-24T07:59:59,PREORDER,https://demo-assets.example.invalid/studio/images/2026/04/399552.jpeg,메이커 메디비티,메이커 메디비티,11,500000,2000000,25,3,14,0,홈리빙 카테고리에서 일상 문제를 해결하는 클린 프로젝트입니다.,홈리빙,True,0,https://demo-source.example.invalid/web/campaign/detail/399552,/web/campaign/detail/399552,,[],,,,True,False,False,B0120,홈리빙,success
398366,m_6d2eb30246c7,출근길 배터리 걱정 없는 초경량 시그니처 보조배터리,2026-04-24T13:59:59+09:00,2026-04-24T13:59:59,2026-05-15T13:59:59,PREORDER,https://demo-assets.example.invalid/studio/images/2026/04/398366.jpeg,주식회사 그린웨이,주식회사 그린웨이 컴퍼니,72,5100000,10000000,51,33,5,0,주변기기 카테고리에서 일상 문제를 해결하는 시그니처 프로젝트입니다.,주변기기,False,0,https://demo-source.example.invalid/web/campaign/detail/398366,/web/campaign/detail/398366,,[],,,,True,False,False,B0070,주변기기,success
393377,m_7f51d4ceeea8,피부의 기초 상태를 바꾸는 컴팩트 앰플+크림세트,2026-04-24T14:59:59+09:00,2026-04-24T14:59:59,2026-05-24T14:59:59,PREORDER,https://demo-assets.example.invalid/studio/images/2026/04/393377.jpeg,스튜디오 메디비티,스튜디오 메디비티 컴퍼니,263,7350000,5000000,147,80,14,0,스킨케어 카테고리에서 일상 문제를 해결하는 컴팩트 프로젝트입니다.,스킨케어,False,0,https://demo-source.example.invalid/web/campaign/detail/393377,/web/campaign/detail/393377,,[],,,,True,False,False,B0190,스킨케어,success
400992,m_a6e081846064,"보이지 않는 바람의 차이, 공간까지 시원한 미니 선풍기",2026-04-25T05:59:59+09:00,2026-04-25T05:59:59,2026-05-25T05:59:59,REWARD,https://demo-assets.example.invalid/studio/images/2026/04/400992.jpeg,브랜드 로컬랩,브랜드 로컬랩,1021,26000000,10000000,260,405,15,0,테크·가전 카테고리에서 일상 문제를 해결하는 미니 프로젝트입니다.,테크·가전,False,0,https://demo-source.example.invalid/web/campaign/detail/400992,/web/campaign/detail/400992,,[],,,,True,False,False,B0050,테크·가전,success
398681,m_8793748bc188,13층 깊은 보습에 피부 열감까지 내리는 프리미엄 크림,2026-04-25T07:59:59+09:00,2026-04-25T07:59:59,2026-05-16T07:59:59,PREORDER,https://demo-assets.example.invalid/studio/images/2026/04/398681.jpeg,브레바,브레바,62,3600000,2000000,180,19,6,0,스킨케어 카테고리에서 일상 문제를 해결하는 프리미엄 프로젝트입니다.,스킨케어,False,0,https://demo-source.example.invalid/web/campaign/detail/398681,/web/campaign/detail/398681,,[],,,,True,False,False,B0190,스킨케어,success
400971,m_b2feff10a6bf,"오픈형이지만 몰입은 깊게, 노이즈캔슬링 프로",2026-04-25T11:59:59+09:00,2026-04-25T11:59:59,2026-05-16T11:59:59,PREORDER,https://demo-assets.example.invalid/studio/images/2026/04/400971.jpeg,메이커 두이즈,메이커 두이즈 컴퍼니,32,1960000,2000000,98,13,6,0,테크·가전 카테고리에서 일상 문제를 해결하는 프로 프로젝트입니다.,테크·가전,True,0,https://demo-source.example.invalid/web/campaign/detail/400971,/web/campaign/detail/400971,,[],,,,True,False,False,B0050,테크·가전,success
396811,m_0303ee2b9c3e,꽂는 순간 숫자로 보이는 충전 속도ㅣ컴팩트 LED 케이블,2026-04-25T12:59:59+09:00,2026-04-25T12:59:59,2026-05-25T12:59:59,PREORDER,https://demo-assets.example.invalid/studio/images/2026/04/396811.jpeg,메이커 사북상회,메이커 사북상회,93,5300000,10000000,53,40,15,0,주변기기 카테고리에서 일상 문제를 해결하는 컴팩트 프로젝트입니다.,주변기기,False,0,https://demo-source.example.invalid/web/campaign/detail/396811,/web/campaign/detail/396811,,[],,,,True,False,False,B0070,주변기기,success
399148,m_bdb5f2a63b09,하루 10분으로 시작하는 실전 초경량 노트,2026-04-25T23:59:59+09:00,2026-04-25T23:59:59,2026-05-25T23:59:59,REWARD,https://demo-assets.example.invalid/studio/images/2026/04/399148.jpeg,스튜디오 두이즈,스튜디오 두이즈,436,29200000,20000000,146,113,15,0,출판 카테고리에서 일상 문제를 해결하는 초경량 프로젝트입니다.,출판,False,0,https://demo-source.example.invalid/web/campaign/detail/399148,/web/campaign/detail/399148,,[],,,,True,False,False,B0110,출판,success
397146,m_b8caef5fe02b,노트북 책상을 깔끔하게 만드는 바이브 멀티 허브,2026-04-26T11:59:59+09:00,2026-04-26T11:59:59,2026-06-25T11:59:59,REWARD,https://demo-assets.example.invalid/studio/images/2026/04/397146.jpeg,청연,청연,21,1250000,5000000,25,10,46,0,주변기기 카테고리에서 일상 문제를 해결하는 바이브 프로젝트입니다.,주변기기,False,0,https://demo-source.example.invalid/web/campaign/detail/397146,/web/campaign/detail/397146,,[],,,,True,False,False,B0070,주변기기,success
402626,m_53f13fbbfb96,출근길 배터리 걱정 없는 초경량 에센셜 보조배터리,2026-04-26T12:59:59+09:00,2026-04-26T12:59:59,2026-06-25T12:59:59,PREORDER,https://demo-assets.example.invalid/studio/images/2026/04/402626.jpeg,주식회사 온하루,주식회사 온하루,144,1100000,5000000,22,56,46,0,주변기기 카테고리에서 일상 문제를 해결하는 에센셜 프로젝트입니다.,주변기기,False,0,https://demo-source.example.invalid/web/campaign/detail/402626,/web/campaign/detail/402626,,[],,BLUE,,True,False,False,B0070,주변기기,success
398665,m_14a4700d9150,첫째도 둘째도 쓰는 엄마 추천 초경량,2026-04-26T13:59:59+09:00,2026-04-26T13:59:59,2026-06-10T13:59:59,PREORDER,https://demo-assets.example.invalid/studio/images/2026/04/398665.jpeg,리빙온,리빙온,79,3400000,10000000,34,14,31,0,유아·키즈 카테고리에서 일상 문제를 해결하는 초경량 프로젝트입니다.,유아·키즈,True,0,https://demo-source.example.invalid/web/campaign/detail/398665,/web/campaign/detail/398665,,[],,GREEN,,True,False,False,B0210,유아·키즈,success
396525,m_730fc36bbe93,"축축한 욕실 이제 안녕, 초강력 초경량 욕실템",2026-04-26T14:59:59+09:00,2026-04-26T14:59:59,2026-05-26T14:59:59,PREORDER,https://demo-assets.example.invalid/studio/images/2026/04/396525.jpeg,주식회사 사북상회,주식회사 사북상회 컴퍼니,29,1400000,2000000,70,4,16,0,홈리빙 카테고리에서 일상 문제를 해결하는 초경량 프로젝트입니다.,홈리빙,False,0,https://demo-source.example.invalid/web/campaign/detail/396525,/web/campaign/detail/396525,,[],,GREEN,,True,False,True,B0120,홈리빙,success
395927,m_d8337fa2ec2a,피부의 기초 상태를 바꾸는 제로 앰플+크림세트,2026-04-26T18:59:59+09:00,2026-04-26T18:59:59,2026-05-26T18:59:59,PREORDER,https://demo-assets.example.invalid/studio/images/2026/04/395927.jpeg,메이커 청연,메이커 청연,8,450000,1000000,45,5,16,0,스킨케어 카테고리에서 일상 문제를 해결하는 제로 프로젝트입니다.,스킨케어,True,0,https://demo-source.example.invalid/web/campaign/detail/395927,/web/campaign/detail/395927,,[],,,,True,False,False,B0190,스킨케어,success
397384,m_b3a6dbc4508f,선물하기 좋은 프리미엄 컴팩트 디저트 세트,2026-04-26T21:59:59+09:00,2026-04-26T21:59:59,2026-05-10T21:59:59,PREORDER,https://demo-assets.example.invalid/studio/images/2026/04/397384.jpeg,메이커 브레바,메이커 브레바 컴퍼니,182,8800000,20000000,44,67,0,0,푸드 카테고리에서 일상 문제를 해결하는 컴팩트 프로젝트입니다.,푸드,True,0,https://demo-source.example.invalid/web/campaign/detail/397384,/web/campaign/detail/397384,,[],,GREEN,,True,False,False,B0150,푸드,success
402403,m_a17f689d75c7,"전 객실 오션뷰 감성 숙소, 컴팩트 카라반 패키지",2026-04-26T21:59:59+09:00,2026-04-26T21:59:59,2026-05-26T21:59:59,PREORDER,https://demo-assets.example.invalid/studio/images/2026/04/402403.jpeg,메이커 메디비티,메이커 메디비티,485,14600000,10000000,146,99,16,0,여행·레저 카테고리에서 일상 문제를 해결하는 컴팩트 프로젝트입니다.,여행·레저,False,0,https://demo-source.example.invalid/web/campaign/detail/402403,/web/campaign/detail/402403,,[],,GREEN,,True,False,False,B0140,여행·레저,success
393484,m_2bd0eb34b5e8,선물하기 좋은 프리미엄 프로 디저트 세트,2026-04-26T21:59:59+09:00,2026-04-26T21:59:59,2026-05-17T21:59:59,REWARD,https://demo-assets.example.invalid/studio/images/2026/04/393484.jpeg,브랜드 온하루,브랜드 온하루,115,8600000,10000000,86,32,7,0,푸드 카테고리에서 일상 문제를 해결하는 프로 프로젝트입니다.,푸드,True,0,https://demo-source.example.invalid/web/campaign/detail/393484,/web/campaign/detail/393484,,[],,,,True,False,False,B0150,푸드,success
394506,m_f2e446c5c19a,피부의 기초 상태를 바꾸는 미니 앰플+크림세트,2026-04-27T03:59:59+09:00,2026-04-27T03:59:59,2026-05-27T03:59:59,REWARD,https://demo-assets.example.invalid/studio/images/2026/04/394506.jpeg,브랜드 온하루,브랜드 온하루,196,13600000,20000000,68,75,17,0,스킨케어 카테고리에서 일상 문제를 해결하는 미니 프로젝트입니다.,스킨케어,False,0,https://demo-source.example.invalid/web/campaign/detail/394506,/web/campaign/detail/394506,,[],,,,True,False,True,B0190,스킨케어,success
397822,m_e95670666925,꽂는 순간 숫자로 보이는 충전 속도ㅣ시그니처 LED 케이블,2026-04-27T05:59:59+09:00,2026-04-27T05:59:59,2026-05-18T05:59:59,PREORDER,https://demo-assets.example.invalid/studio/images/2026/04/397822.jpeg,스튜디오 무딕스,스튜디오 무딕스,8,500000,1000000,50,3,8,0,주변기기 카테고리에서 일상 문제를 해결하는 시그니처 프로젝트입니다.,주변기기,False,0,https://demo-source.example.invalid/web/campaign/detail/397822,/web/campaign/detail/397822,,[],,,,True,False,False,B0070,주변기기,success
401740,m_0bc20ac6a129,13층 깊은 보습에 피부 열감까지 내리는 데일리 크림,2026-04-28T19:59:59+09:00,2026-04-28T19:59:59,2026-05-19T19:59:59,REWARD,https://demo-assets.example.invalid/studio/images/2026/04/401740.jpeg,스튜디오 루미에르,스튜디오 루미에르,12,520000,1000000,52,6,9,0,스킨케어 카테고리에서 일상 문제를 해결하는 데일리 프로젝트입니다.,스킨케어,False,0,https://demo-source.example.invalid/web/campaign/detail/401740,/web/campaign/detail/401740,,[],,,,True,False,False,B0190,스킨케어,success
401548,m_10b1ecf78c22,매일 들어도 가벼운 생활방수 미니 백팩,2026-04-28T23:59:59+09:00,2026-04-28T23:59:59,2026-06-12T23:59:59,PREORDER,https://demo-assets.example.invalid/studio/images/2026/04/401548.jpeg,브레바,브레바 컴퍼니,50,3000000,3000000,100,24,33,0,패션·잡화 카테고리에서 일상 문제를 해결하는 미니 프로젝트입니다.,패션·잡화,True,0,https://demo-source.example.invalid/web/campaign/detail/401548,/web/campaign/detail/401548,,[],,GREEN,,True,False,True,B0170,패션·잡화,success
397659,m_bd608296b29c,가죽 장인의 손맛을 담은 미니멀 에센셜 지갑,2026-04-29T08:59:59+09:00,2026-04-29T08:59:59,2026-06-13T08:59:59,PREORDER,https://demo-assets.example.invalid/studio/images/2026/04/397659.jpeg,스튜디오 루미에르,스튜디오 루미에르,15,1000000,2000000,50,5,34,0,패션·잡화 카테고리에서 일상 문제를 해결하는 에센셜 프로젝트입니다.,패션·잡화,False,0,https://demo-source.example.invalid/web/campaign/detail/397659,/web/campaign/detail/397659,,[],,GREEN,,True,False,False,B0170,패션·잡화,success
393813,m_3b7c97b42228,가볍게 떠나는 주말 캠핑용 시그니처 세트,2026-04-29T15:59:59+09:00,2026-04-29T15:59:59,2026-05-20T15:59:59,PREORDER,https://demo-assets.example.invalid/studio/images/2026/04/393813.jpeg,브랜드 두이즈,브랜드 두이즈,184,5770000,1000000,577,60,10,0,여행·레저 카테고리에서 일상 문제를 해결하는 시그니처 프로젝트입니다.,여행·레저,False,0,https://demo-source.example.invalid/web/campaign/detail/393813,/web/campaign/detail/393813,,[],,,,True,False,False,B0140,여행·레저,success
401123,m_8a8f739f8af6,기록 습관을 만드는 감성 클린 다이어리,2026-04-29T22:59:59+09:00,2026-04-29T22:59:59,2026-06-13T22:59:59,REWARD,https://demo-assets.example.invalid/studio/images/2026/04/401123.jpeg,온하루,온하루 컴퍼니,18,1230000,3000000,41,9,34,0,출판 카테고리에서 일상 문제를 해결하는 클린 프로젝트입니다.,출판,False,0,https://demo-source.example.invalid/web/campaign/detail/401123,/web/campaign/detail/401123,,[],,,,True,False,False,B0110,출판,success
393157,m_2ad8059e94c7,노트북 책상을 깔끔하게 만드는 초경량 멀티 허브,2026-04-30T11:59:59+09:00,2026-04-30T11:59:59,2026-05-21T11:59:59,REWARD,https://demo-assets.example.invalid/studio/images/2026/04/393157.jpeg,스튜디오 메디비티,스튜디오 메디비티,175,1360000,2000000,68,51,11,0,주변기기 카테고리에서 일상 문제를 해결하는 초경량 프로젝트입니다.,주변기기,False,0,https://demo-source.example.invalid/web/campaign/detail/393157,/web/campaign/detail/393157,,[],,,,True,False,False,B0070,주변기기,success
394992,m_a3579ef0956d,매일 들어도 가벼운 생활방수 제로 백팩,2026-04-30T15:59:59+09:00,2026-04-30T15:59:59,2026-05-30T15:59:59,PREORDER,https://demo-assets.example.invalid/studio/images/2026/04/394992.jpeg,메이커 포근,메이커 포근,15,840000,2000000,42,7,20,0,패션·잡화 카테고리에서 일상 문제를 해결하는 제로 프로젝트입니다.,패션·잡화,False,0,https://demo-source.example.invalid/web/campaign/detail/394992,/web/campaign/detail/394992,,[],,,,True,False,True,B0170,패션·잡화,success
401399,m_755cbe0a9039,출근길 배터리 걱정 없는 초경량 프로 보조배터리,2026-04-30T20:59:59+09:00,2026-04-30T20:59:59,2026-05-14T20:59:59,PREORDER,https://demo-assets.example.invalid/studio/images/2026/04/401399.jpeg,주식회사 온하루,주식회사 온하루 컴퍼니,331,13950000,3000000,465,115,4,0,주변기기 카테고리에서 일상 문제를 해결하는 프로 프로젝트입니다.,주변기기,False,0,https://demo-source.example.invalid/web/campaign/detail/401399,/web/campaign/detail/401399,,[],,,,True,False,False,B0070,주변기기,success
394762,m_e1a131f14ac8,아이의 수면 루틴을 돕는 올인원 침구,2026-04-30T21:59:59+09:00,2026-04-30T21:59:59,2026-05-14T21:59:59,PREORDER,https://demo-assets.example.invalid/studio/images/2026/04/394762.jpeg,주식회사 유열,주식회사 유열,2225,87000000,20000000,435,311,4,0,유아·키즈 카테고리에서 일상 문제를 해결하는 올인원 프로젝트입니다.,유아·키즈,False,0,https://demo-source.example.invalid/web/campaign/detail/394762,/web/campaign/detail/394762,,[],,GREEN,,True,False,True,B0210,유아·키즈,success
393348,m_0da2ea9b8037,러닝 입문자를 위한 스마트 올인원 밴드,2026-05-01T19:59:59+09:00,2026-05-01T19:59:59,2026-05-22T19:59:59,PREORDER,https://demo-assets.example.invalid/studio/images/2026/04/393348.jpeg,그린웨이,그린웨이,42,750000,3000000,25,18,12,0,스포츠·모빌리티 카테고리에서 일상 문제를 해결하는 올인원 프로젝트입니다.,스포츠·모빌리티,False,0,https://demo-source.example.invalid/web/campaign/detail/393348,/web/campaign/detail/393348,,[],,,,True,False,True,B0160,스포츠·모빌리티,success
398782,m_0ed3d1e40951,"오픈형이지만 몰입은 깊게, 노이즈캔슬링 데일리",2026-05-02T08:59:59+09:00,2026-05-02T08:59:59,2026-06-01T08:59:59,PREORDER,https://demo-assets.example.invalid/studio/images/2026/04/398782.jpeg,유열,유열 컴퍼니,2053,109400000,20000000,547,800,22,0,테크·가전 카테고리에서 일상 문제를 해결하는 데일리 프로젝트입니다.,테크·가전,False,0,https://demo-source.example.invalid/web/campaign/detail/398782,/web/campaign/detail/398782,,[],,,,True,True,False,B0050,테크·가전,success
394250,m_e8023bc9e70d,물끓임 필요 없는 셀프히팅 미니 머신,2026-05-02T09:59:59+09:00,2026-05-02T09:59:59,2026-05-23T09:59:59,REWARD,https://demo-assets.example.invalid/studio/images/2026/04/394250.jpeg,스튜디오 브레바,스튜디오 브레바,67,800000,20000000,4,30,13,0,테크·가전 카테고리에서 일상 문제를 해결하는 미니 프로젝트입니다.,테크·가전,False,0,https://demo-source.example.invalid/web/campaign/detail/394250,/web/campaign/detail/394250,,[],,,,True,False,False,B0050,테크·가전,success
398286,m_6b2170c378f5,피부의 기초 상태를 바꾸는 프리미엄 앰플+크림세트,2026-05-02T12:59:59+09:00,2026-05-02T12:59:59,2026-05-16T12:59:59,PREORDER,https://demo-assets.example.invalid/studio/images/2026/04/398286.jpeg,스튜디오 그린웨이,스튜디오 그린웨이,212,5260000,2000000,263,30,6,0,스킨케어 카테고리에서 일상 문제를 해결하는 프리미엄 프로젝트입니다.,스킨케어,False,0,https://demo-source.example.invalid/web/campaign/detail/398286,/web/campaign/detail/398286,,[],,,,False,False,False,B0190,스킨케어,success
395147,m_f2f775e4c40a,출근길 배터리 걱정 없는 초경량 프리미엄 보조배터리,2026-05-02T15:59:59+09:00,2026-05-02T15:59:59,2026-06-16T15:59:59,REWARD,https://demo-assets.example.invalid/studio/images/2026/04/395147.jpeg,무딕스,무딕스,118,7600000,5000000,152,56,37,0,주변기기 카테고리에서 일상 문제를 해결하는 프리미엄 프로젝트입니다.,주변기기,False,0,https://demo-source.example.invalid/web/campaign/detail/395147,/web/campaign/detail/395147,,[],,,,False,False,True,B0070,주변기기,success
399559,m_f7e378cbd007,노트북 책상을 깔끔하게 만드는 리얼 멀티 허브,2026-05-03T04:59:59+09:00,2026-05-03T04:59:59,2026-05-17T04:59:59,PREORDER,https://demo-assets.example.invalid/studio/images/2026/04/399559.jpeg,포근,포근,623,39400000,20000000,197,215,7,0,주변기기 카테고리에서 일상 문제를 해결하는 리얼 프로젝트입니다.,주변기기,True,0,https://demo-source.example.invalid/web/campaign/detail/399559,/web/campaign/detail/399559,,[],,,,True,False,False,B0070,주변기기,success
402297,m_5c2aa9f30240,작은 집도 넓게 쓰는 접이식 하이브리드 수납템,2026-05-03T08:59:59+09:00,2026-05-03T08:59:59,2026-06-02T08:59:59,REWARD,https://demo-assets.example.invalid/studio/images/2026/04/402297.jpeg,무딕스,무딕스,16,270000,3000000,9,7,23,0,홈리빙 카테고리에서 일상 문제를 해결하는 하이브리드 프로젝트입니다.,홈리빙,False,0,https://demo-source.example.invalid/web/campaign/detail/402297,/web/campaign/detail/402297,,[],,,,True,False,True,B0120,홈리빙,success
393640,m_beee7d389b35,"보이지 않는 바람의 차이, 공간까지 시원한 감성 선풍기",2026-05-03T10:59:59+09:00,2026-05-03T10:59:59,2026-05-24T10:59:59,REWARD,https://demo-assets.example.invalid/studio/images/2026/04/393640.jpeg,주식회사 리빙온,주식회사 리빙온,134,11940000,3000000,398,36,14,0,테크·가전 카테고리에서 일상 문제를 해결하는 감성 프로젝트입니다.,테크·가전,True,0,https://demo-source.example.invalid/web/campaign/detail/393640,/web/campaign/detail/393640,,[],,,,False,False,False,B0050,테크·가전,success
394686,m_d0a595bb05e4,기록 습관을 만드는 감성 바이브 다이어리,2026-05-03T13:59:59+09:00,2026-05-03T13:59:59,2026-06-02T13:59:59,PREORDER,https://demo-assets.example.invalid/studio/images/2026/04/394686.jpeg,주식회사 리디아,주식회사 리디아 컴퍼니,269,16000000,20000000,80,111,23,0,출판 카테고리에서 일상 문제를 해결하는 바이브 프로젝트입니다.,출판,True,0,https://demo-source.example.invalid/web/campaign/detail/394686,/web/campaign/detail/394686,,[],,,,True,False,False,B0110,출판,success
394953,m_25bacc46f9ae,도심 속 힐링을 위한 프라이빗 제로 이용권,2026-05-04T12:59:59+09:00,2026-05-04T12:59:59,2026-06-03T12:59:59,PREORDER,https://demo-assets.example.invalid/studio/images/2026/04/394953.jpeg,제로랩,제로랩,34,1940000,2000000,97,7,24,0,여행·레저 카테고리에서 일상 문제를 해결하는 제로 프로젝트입니다.,여행·레저,False,0,https://demo-source.example.invalid/web/campaign/detail/394953,/web/campaign/detail/394953,,[],,,,True,False,False,B0140,여행·레저,success
402859,m_2ac9c80ccd11,하루 10분으로 시작하는 실전 리얼 노트,2026-05-04T14:59:59+09:00,2026-05-04T14:59:59,2026-06-03T14:59:59,PREORDER,https://demo-assets.example.invalid/studio/images/2026/04/402859.jpeg,스튜디오 리빙온,스튜디오 리빙온,229,12800000,10000000,128,58,24,0,출판 카테고리에서 일상 문제를 해결하는 리얼 프로젝트입니다.,출판,False,0,https://demo-source.example.invalid/web/campaign/detail/402859,/web/campaign/detail/402859,,[],,,,True,False,False,B0110,출판,success
397019,m_160c1e09f198,매일 들어도 가벼운 생활방수 에센셜 백팩,2026-05-04T17:59:59+09:00,2026-05-04T17:59:59,2026-06-03T17:59:59,PREORDER,https://demo-assets.example.invalid/studio/images/2026/04/397019.jpeg,브랜드 무딕스,브랜드 무딕스,103,5300000,10000000,53,23,24,0,패션·잡화 카테고리에서 일상 문제를 해결하는 에센셜 프로젝트입니다.,패션·잡화,True,0,https://demo-source.example.invalid/web/campaign/detail/397019,/web/campaign/detail/397019,,[],,,,True,False,False,B0170,패션·잡화,success
398978,m_7a540bc4560c,예민한 피부도 매일 쓰는 저자극 에센셜 세럼,2026-05-04T18:59:59+09:00,2026-05-04T18:59:59,2026-06-03T18:59:59,PREORDER,https://demo-assets.example.invalid/studio/images/2026/04/398978.jpeg,메이커 리빙온,메이커 리빙온,86,4400000,20000000,22,20,24,0,스킨케어 카테고리에서 일상 문제를 해결하는 에센셜 프로젝트입니다.,스킨케어,False,0,https://demo-source.example.invalid/web/campaign/detail/398978,/web/campaign/detail/398978,,[],,GREEN,,True,False,False,B0190,스킨케어,success
396600,m_95f2907743ee,작은 집도 넓게 쓰는 접이식 컴팩트 수납템,2026-05-05T10:59:59+09:00,2026-05-05T10:59:59,2026-06-19T10:59:59,PREORDER,https://demo-assets.example.invalid/studio/images/2026/04/396600.jpeg,스튜디오 브레바,스튜디오 브레바,799,67600000,20000000,338,124,40,0,홈리빙 카테고리에서 일상 문제를 해결하는 컴팩트 프로젝트입니다.,홈리빙,False,0,https://demo-source.example.invalid/web/campaign/detail/396600,/web/campaign/detail/396600,,[],,GREEN,,True,False,False,B0120,홈리빙,success
394085,m_51284d04d19d,13층 깊은 보습에 피부 열감까지 내리는 제로 크림,2026-05-05T13:59:59+09:00,2026-05-05T13:59:59,2026-05-19T13:59:59,PREORDER,https://demo-assets.example.invalid/studio/images/2026/04/394085.jpeg,브랜드 유열,브랜드 유열,25,1580000,2000000,79,6,9,0,스킨케어 카테고리에서 일상 문제를 해결하는 제로 프로젝트입니다.,스킨케어,False,0,https://demo-source.example.invalid/web/campaign/detail/394085,/web/campaign/detail/394085,,[],,BLUE,,True,False,False,B0190,스킨케어,success
401638,m_94c072a4e244,러닝 입문자를 위한 스마트 컴팩트 밴드,2026-05-05T16:59:59+09:00,2026-05-05T16:59:59,2026-05-26T16:59:59,PREORDER,https://demo-assets.example.invalid/studio/images/2026/04/401638.jpeg,브랜드 온하루,브랜드 온하루,676,29950000,5000000,599,291,16,0,스포츠·모빌리티 카테고리에서 일상 문제를 해결하는 컴팩트 프로젝트입니다.,스포츠·모빌리티,False,0,https://demo-source.example.invalid/web/campaign/detail/401638,/web/campaign/detail/401638,,[],,,,True,False,False,B0160,스포츠·모빌리티,success
396445,m_a54bec98918e,도심 속 힐링을 위한 프라이빗 데일리 이용권,2026-05-06T01:59:59+09:00,2026-05-06T01:59:59,2026-05-20T01:59:59,REWARD,https://demo-assets.example.invalid/studio/images/2026/04/396445.jpeg,주식회사 리디아,주식회사 리디아 컴퍼니,19,1220000,2000000,61,8,10,0,여행·레저 카테고리에서 일상 문제를 해결하는 데일리 프로젝트입니다.,여행·레저,False,0,https://demo-source.example.invalid/web/campaign/detail/396445,/web/campaign/detail/396445,,[],,,,True,False,False,B0140,여행·레저,success
394920,m_3763bef9e53b,반려동물 털 걱정을 줄이는 리얼 클리너,2026-05-06T09:59:59+09:00,2026-05-06T09:59:59,2026-06-05T09:59:59,PREORDER,https://demo-assets.example.invalid/studio/images/2026/04/394920.jpeg,메이커 청연,메이커 청연,95,2900000,10000000,29,29,26,0,반려동물 카테고리에서 일상 문제를 해결하는 리얼 프로젝트입니다.,반려동물,False,0,https://demo-source.example.invalid/web/campaign/detail/394920,/web/campaign/detail/394920,,[],,BLUE,,True,False,False,B0180,반려동물,success
395803,m_a9580b768f3f,물끓임 필요 없는 셀프히팅 바이브 머신,2026-05-06T11:59:59+09:00,2026-05-06T11:59:59,2026-05-20T11:59:59,PREORDER,https://demo-assets.example.invalid/studio/images/2026/04/395803.jpeg,스튜디오 로컬랩,스튜디오 로컬랩 컴퍼니,300,7600000,5000000,152,137,10,0,테크·가전 카테고리에서 일상 문제를 해결하는 바이브 프로젝트입니다.,테크·가전,False,0,https://demo-source.example.invalid/web/campaign/detail/395803,/web/campaign/detail/395803,,[],,GREEN,,True,False,False,B0050,테크·가전,success
402685,m_0b85977e6e7a,공간 분위기를 바꾸는 호텔식 스마트 조명,2026-05-06T13:59:59+09:00,2026-05-06T13:59:59,2026-05-27T13:59:59,PREORDER,https://demo-assets.example.invalid/studio/images/2026/04/402685.jpeg,스튜디오 무딕스,스튜디오 무딕스,97,5000000,20000000,25,34,17,0,홈리빙 카테고리에서 일상 문제를 해결하는 스마트 프로젝트입니다.,홈리빙,False,0,https://demo-source.example.invalid/web/campaign/detail/402685,/web/campaign/detail/402685,,[],,,,True,False,False,B0120,홈리빙,success
400890,m_bd91222b8f34,출근길 배터리 걱정 없는 초경량 프로 보조배터리,2026-05-07T23:59:59+09:00,2026-05-07T23:59:59,2026-06-21T23:59:59,REWARD,https://demo-assets.example.invalid/studio/images/2026/04/400890.jpeg,브랜드 리디아,브랜드 리디아,229,1800000,5000000,36,102,42,0,주변기기 카테고리에서 일상 문제를 해결하는 프로 프로젝트입니다.,주변기기,False,0,https://demo-source.example.invalid/web/campaign/detail/400890,/web/campaign/detail/400890,,[],,GREEN,,True,False,False,B0070,주변기기,success
397894,m_1e0a587abe51,예민한 피부도 매일 쓰는 저자극 감성 세럼,2026-05-08T01:59:59+09:00,2026-05-08T01:59:59,2026-05-22T01:59:59,REWARD,https://demo-assets.example.invalid/studio/images/2026/04/397894.jpeg,주식회사 온하루,주식회사 온하루 컴퍼니,42,1950000,5000000,39,7,12,0,스킨케어 카테고리에서 일상 문제를 해결하는 감성 프로젝트입니다.,스킨케어,False,0,https://demo-source.example.invalid/web/campaign/detail/397894,/web/campaign/detail/397894,,[],,GREEN,,True,True,True,B0190,스킨케어,success
400033,m_d32f72028c95,출근룩부터 여행까지 가능한 데일리 슈즈,2026-05-09T01:59:59+09:00,2026-05-09T01:59:59,2026-06-08T01:59:59,PREORDER,https://demo-assets.example.invalid/studio/images/2026/04/400033.jpeg,브랜드 제로랩,브랜드 제로랩 컴퍼니,23,1210000,1000000,121,4,29,0,패션·잡화 카테고리에서 일상 문제를 해결하는 데일리 프로젝트입니다.,패션·잡화,False,0,https://demo-source.example.invalid/web/campaign/detail/400033,/web/campaign/detail/400033,,[],,BLUE,,True,False,False,B0170,패션·잡화,success
396246,m_a92d38bb4516,매일 들어도 가벼운 생활방수 데일리 백팩,2026-05-09T01:59:59+09:00,2026-05-09T01:59:59,2026-06-23T01:59:59,PREORDER,https://demo-assets.example.invalid/studio/images/2026/04/396246.jpeg,브랜드 로컬랩,브랜드 로컬랩,12,340000,1000000,34,1,44,0,패션·잡화 카테고리에서 일상 문제를 해결하는 데일리 프로젝트입니다.,패션·잡화,False,0,https://demo-source.example.invalid/web/campaign/detail/396246,/web/campaign/detail/396246,,[],,,,True,False,True,B0170,패션·잡화,success
394306,m_e10b5bbaceda,"축축한 욕실 이제 안녕, 초강력 프로 욕실템",2026-05-09T07:59:59+09:00,2026-05-09T07:59:59,2026-05-30T07:59:59,PREORDER,https://demo-assets.example.invalid/studio/images/2026/04/394306.jpeg,메이커 메디비티,메이커 메디비티,2598,113100000,10000000,1131,850,20,0,홈리빙 카테고리에서 일상 문제를 해결하는 프로 프로젝트입니다.,홈리빙,True,0,https://demo-source.example.invalid/web/campaign/detail/394306,/web/campaign/detail/394306,,[],,,,True,False,False,B0120,홈리빙,success
396554,m_07795eee155d,정선 사북의 특별한 이야기를 담은 에센셜 베이커리,2026-05-09T16:59:59+09:00,2026-05-09T16:59:59,2026-05-30T16:59:59,REWARD,https://demo-assets.example.invalid/studio/images/2026/04/396554.jpeg,브랜드 리빙온,브랜드 리빙온,18,1100000,5000000,22,9,20,0,푸드 카테고리에서 일상 문제를 해결하는 에센셜 프로젝트입니다.,푸드,False,0,https://demo-source.example.invalid/web/campaign/detail/396554,/web/campaign/detail/396554,,[],,,,True,True,True,B0150,푸드,success
399525,m_64b2105c55bc,정선 사북의 특별한 이야기를 담은 시그니처 베이커리,2026-05-09T19:59:59+09:00,2026-05-09T19:59:59,2026-06-23T19:59:59,PREORDER,https://demo-assets.example.invalid/studio/images/2026/04/399525.jpeg,메이커 브레바,메이커 브레바,386,22300000,5000000,446,86,44,0,푸드 카테고리에서 일상 문제를 해결하는 시그니처 프로젝트입니다.,푸드,False,0,https://demo-source.example.invalid/web/campaign/detail/399525,/web/campaign/detail/399525,,[],,,,True,False,False,B0150,푸드,success
396163,m_719d1875271e,공간 분위기를 바꾸는 호텔식 감성 조명,2026-05-09T23:59:59+09:00,2026-05-09T23:59:59,2026-06-08T23:59:59,PREORDER,https://demo-assets.example.invalid/studio/images/2026/04/396163.jpeg,브랜드 리빙온,브랜드 리빙온,28,2120000,2000000,106,14,29,0,홈리빙 카테고리에서 일상 문제를 해결하는 감성 프로젝트입니다.,홈리빙,False,0,https://demo-source.example.invalid/web/campaign/detail/396163,/web/campaign/detail/396163,,[],,,,True,False,False,B0120,홈리빙,success
399942,m_2d7c6edb8be9,러닝 입문자를 위한 스마트 바이브 밴드,2026-05-10T03:59:59+09:00,2026-05-10T03:59:59,2026-06-09T03:59:59,REWARD,https://demo-assets.example.invalid/studio/images/2026/04/399942.jpeg,스튜디오 그린웨이,스튜디오 그린웨이,18,600000,2000000,30,12,30,0,스포츠·모빌리티 카테고리에서 일상 문제를 해결하는 바이브 프로젝트입니다.,스포츠·모빌리티,False,0,https://demo-source.example.invalid/web/campaign/detail/399942,/web/campaign/detail/399942,,[],,,,True,False,False,B0160,스포츠·모빌리티,success
398771,m_0bbf992a7759,매일 들어도 가벼운 생활방수 스마트 백팩,2026-05-10T04:59:59+09:00,2026-05-10T04:59:59,2026-05-24T04:59:59,PREORDER,https://demo-assets.example.invalid/studio/images/2026/04/398771.jpeg,브랜드 무딕스,브랜드 무딕스 컴퍼니,247,10290000,1000000,1029,63,14,0,패션·잡화 카테고리에서 일상 문제를 해결하는 스마트 프로젝트입니다.,패션·잡화,False,0,https://demo-source.example.invalid/web/campaign/detail/398771,/web/campaign/detail/398771,,[],,,,True,False,False,B0170,패션·잡화,success
395073,m_8c963a9f33b8,집에서도 가능한 컴팩트 초경량 트레이닝 세트,2026-05-10T07:59:59+09:00,2026-05-10T07:59:59,2026-06-24T07:59:59,REWARD,https://demo-assets.example.invalid/studio/images/2026/04/395073.jpeg,온하루,온하루,142,10800000,20000000,54,54,45,0,스포츠·모빌리티 카테고리에서 일상 문제를 해결하는 초경량 프로젝트입니다.,스포츠·모빌리티,False,0,https://demo-source.example.invalid/web/campaign/detail/395073,/web/campaign/detail/395073,,[],,,,True,False,True,B0160,스포츠·모빌리티,success
399909,m_6f771ef95a12,공간 분위기를 바꾸는 호텔식 리얼 조명,2026-05-10T14:59:59+09:00,2026-05-10T14:59:59,2026-05-24T14:59:59,PREORDER,https://demo-assets.example.invalid/studio/images/2026/04/399909.jpeg,메이커 제로랩,메이커 제로랩,355,9120000,1000000,912,153,14,0,홈리빙 카테고리에서 일상 문제를 해결하는 리얼 프로젝트입니다.,홈리빙,False,0,https://demo-source.example.invalid/web/campaign/detail/399909,/web/campaign/detail/399909,,[],,PURPLE,,True,False,False,B0120,홈리빙,success
398131,m_5e52acf198d5,가죽 장인의 손맛을 담은 미니멀 클린 지갑,2026-05-10T19:59:59+09:00,2026-05-10T19:59:59,2026-06-09T19:59:59,PREORDER,https://demo-assets.example.invalid/studio/images/2026/04/398131.jpeg,주식회사 메디비티,주식회사 메디비티,62,1280000,2000000,64,12,30,0,패션·잡화 카테고리에서 일상 문제를 해결하는 클린 프로젝트입니다.,패션·잡화,False,0,https://demo-source.example.invalid/web/campaign/detail/398131,/web/campaign/detail/398131,,[],,,,True,True,False,B0170,패션·잡화,success
393490,m_2ca167298dee,"아침 3분 완성, 진한 풍미의 바이브 간편식",2026-05-10T20:59:59+09:00,2026-05-10T20:59:59,2026-05-31T20:59:59,PREORDER,https://demo-assets.example.invalid/studio/images/2026/04/393490.jpeg,스튜디오 사북상회,스튜디오 사북상회 컴퍼니,110,2700000,10000000,27,40,21,0,푸드 카테고리에서 일상 문제를 해결하는 바이브 프로젝트입니다.,푸드,False,0,https://demo-source.example.invalid/web/campaign/detail/393490,/web/campaign/detail/393490,,[],,,,True,False,False,B0150,푸드,success
