campaign_id,maker_user_id_hash,title,when_open,start_datetime,end_datetime,product_type,photo_url,nick_name,corp_name,participation_cnt,total_backed_amount,target_amount,achievement_rate,signature_cnt,remaining_day,end_yn,core_message,cust_value_code_nm,advertisement,acid,landing_url,link_url,additional_param,badge_urls,collection_id,maker_club_grade,maker_club_icon_url,is_delivery_available,is_global_shipping_available,has_coupon,category_code,category_name,status,wish_cnt,comment_cnt,positive_comment_cnt,neutral_comment_cnt,negative_comment_cnt,detail_view_cnt,maker_name,biz_model,status_simplified,total_funding_amount,avg_order_amount,wish_to_participation_rate,view_to_participation_rate,negative_rate,positive_rate
397146,m_b8caef5fe02b,노트북 책상을 깔끔하게 만드는 바이브 멀티 허브,2026-04-26T11:59:59+09:00,2026-04-26T11:59:59,2026-06-25T11:59:59,REWARD,https://demo-assets.example.invalid/studio/images/2026/04/397146.jpeg,청연,청연,21,1250000,5000000,25,10,46,0,주변기기 카테고리에서 일상 문제를 해결하는 바이브 프로젝트입니다.,주변기기,False,0,https://demo-source.example.invalid/web/campaign/detail/397146,/web/campaign/detail/397146,,[],,,,True,False,False,B0070,주변기기,success,6,6,3,2,1,5223,청연,REWARD,진행중,1250000,59524,3.5,0.00402067777139575,0.16666666666666666,0.5
402626,m_53f13fbbfb96,출근길 배터리 걱정 없는 초경량 에센셜 보조배터리,2026-04-26T12:59:59+09:00,2026-04-26T12:59:59,2026-06-25T12:59:59,PREORDER,https://demo-assets.example.invalid/studio/images/2026/04/402626.jpeg,주식회사 온하루,주식회사 온하루,144,1100000,5000000,22,56,46,0,주변기기 카테고리에서 일상 문제를 해결하는 에센셜 프로젝트입니다.,주변기기,False,0,https://demo-source.example.invalid/web/campaign/detail/402626,/web/campaign/detail/402626,,[],,BLUE,,True,False,False,B0070,주변기기,success,20,33,19,11,3,5803,주식회사 온하루,PREORDER,진행중,1100000,7639,7.2,0.02481475099086679,0.09090909090909091,0.5757575757575758
395073,m_8c963a9f33b8,집에서도 가능한 컴팩트 초경량 트레이닝 세트,2026-05-10T07:59:59+09:00,2026-05-10T07:59:59,2026-06-24T07:59:59,REWARD,https://demo-assets.example.invalid/studio/images/2026/04/395073.jpeg,온하루,온하루,142,10800000,20000000,54,54,45,0,스포츠·모빌리티 카테고리에서 일상 문제를 해결하는 초경량 프로젝트입니다.,스포츠·모빌리티,False,0,https://demo-source.example.invalid/web/campaign/detail/395073,/web/campaign/detail/395073,,[],,,,True,False,True,B0160,스포츠·모빌리티,success,23,23,10,9,4,3399,온하루,REWARD,진행중,10800000,76056,6.173913043478261,0.041776993233303916,0.17391304347826086,0.43478260869565216
399525,m_64b2105c55bc,정선 사북의 특별한 이야기를 담은 시그니처 베이커리,2026-05-09T19:59:59+09:00,2026-05-09T19:59:59,2026-06-23T19:59:59,PREORDER,https://demo-assets.example.invalid/studio/images/2026/04/399525.jpeg,메이커 브레바,메이커 브레바,386,22300000,5000000,446,86,44,0,푸드 카테고리에서 일상 문제를 해결하는 시그니처 프로젝트입니다.,푸드,False,0,https://demo-source.example.invalid/web/campaign/detail/399525,/web/campaign/detail/399525,,[],,,,True,False,False,B0150,푸드,success,24,67,44,14,9,39526,메이커 브레바,PREORDER,진행중,22300000,57772,16.083333333333332,0.009765723827354147,0.13432835820895522,0.6567164179104478
396246,m_a92d38bb4516,매일 들어도 가벼운 생활방수 데일리 백팩,2026-05-09T01:59:59+09:00,2026-05-09T01:59:59,2026-06-23T01:59:59,PREORDER,https://demo-assets.example.invalid/studio/images/2026/04/396246.jpeg,브랜드 로컬랩,브랜드 로컬랩,12,340000,1000000,34,1,44,0,패션·잡화 카테고리에서 일상 문제를 해결하는 데일리 프로젝트입니다.,패션·잡화,False,0,https://demo-source.example.invalid/web/campaign/detail/396246,/web/campaign/detail/396246,,[],,,,True,False,True,B0170,패션·잡화,success,0,1,1,0,0,1713,브랜드 로컬랩,PREORDER,진행중,340000,28333,0.0,0.0070052539404553416,0.0,1.0
400890,m_bd91222b8f34,출근길 배터리 걱정 없는 초경량 프로 보조배터리,2026-05-07T23:59:59+09:00,2026-05-07T23:59:59,2026-06-21T23:59:59,REWARD,https://demo-assets.example.invalid/studio/images/2026/04/400890.jpeg,브랜드 리디아,브랜드 리디아,229,1800000,5000000,36,102,42,0,주변기기 카테고리에서 일상 문제를 해결하는 프로 프로젝트입니다.,주변기기,False,0,https://demo-source.example.invalid/web/campaign/detail/400890,/web/campaign/detail/400890,,[],,GREEN,,True,False,False,B0070,주변기기,success,39,57,30,18,9,12199,브랜드 리디아,REWARD,진행중,1800000,7860,5.871794871794871,0.018772030494302813,0.15789473684210525,0.5263157894736842
396600,m_95f2907743ee,작은 집도 넓게 쓰는 접이식 컴팩트 수납템,2026-05-05T10:59:59+09:00,2026-05-05T10:59:59,2026-06-19T10:59:59,PREORDER,https://demo-assets.example.invalid/studio/images/2026/04/396600.jpeg,스튜디오 브레바,스튜디오 브레바,799,67600000,20000000,338,124,40,0,홈리빙 카테고리에서 일상 문제를 해결하는 컴팩트 프로젝트입니다.,홈리빙,False,0,https://demo-source.example.invalid/web/campaign/detail/396600,/web/campaign/detail/396600,,[],,GREEN,,True,False,False,B0120,홈리빙,success,56,81,42,27,12,43234,스튜디오 브레바,PREORDER,진행중,67600000,84606,14.267857142857142,0.01848082527640283,0.14814814814814814,0.5185185185185185
395147,m_f2f775e4c40a,출근길 배터리 걱정 없는 초경량 프리미엄 보조배터리,2026-05-02T15:59:59+09:00,2026-05-02T15:59:59,2026-06-16T15:59:59,REWARD,https://demo-assets.example.invalid/studio/images/2026/04/395147.jpeg,무딕스,무딕스,118,7600000,5000000,152,56,37,0,주변기기 카테고리에서 일상 문제를 해결하는 프리미엄 프로젝트입니다.,주변기기,False,0,https://demo-source.example.invalid/web/campaign/detail/395147,/web/campaign/detail/395147,,[],,,,False,False,True,B0070,주변기기,success,14,27,15,8,4,8817,무딕스,REWARD,진행중,7600000,64407,8.428571428571429,0.013383236928660542,0.14814814814814814,0.5555555555555556
402294,m_e8c5c503ec42,선물하기 좋은 프리미엄 컴팩트 디저트 세트,2026-04-16T02:59:59+09:00,2026-04-16T02:59:59,2026-06-15T02:59:59,PREORDER,https://demo-assets.example.invalid/studio/images/2026/04/402294.jpeg,스튜디오 리빙온,스튜디오 리빙온,443,18520000,1000000,1852,74,36,0,푸드 카테고리에서 일상 문제를 해결하는 컴팩트 프로젝트입니다.,푸드,False,0,https://demo-source.example.invalid/web/campaign/detail/402294,/web/campaign/detail/402294,,[],,,,True,False,True,B0150,푸드,success,25,59,35,16,8,14810,스튜디오 리빙온,PREORDER,진행중,18520000,41806,17.72,0.029912221471978393,0.13559322033898305,0.5932203389830508
401123,m_8a8f739f8af6,기록 습관을 만드는 감성 클린 다이어리,2026-04-29T22:59:59+09:00,2026-04-29T22:59:59,2026-06-13T22:59:59,REWARD,https://demo-assets.example.invalid/studio/images/2026/04/401123.jpeg,온하루,온하루 컴퍼니,18,1230000,3000000,41,9,34,0,출판 카테고리에서 일상 문제를 해결하는 클린 프로젝트입니다.,출판,False,0,https://demo-source.example.invalid/web/campaign/detail/401123,/web/campaign/detail/401123,,[],,,,True,False,False,B0110,출판,success,5,0,0,0,0,4450,온하루 컴퍼니,REWARD,진행중,1230000,68333,3.6,0.004044943820224719,0.0,0.0
397659,m_bd608296b29c,가죽 장인의 손맛을 담은 미니멀 에센셜 지갑,2026-04-29T08:59:59+09:00,2026-04-29T08:59:59,2026-06-13T08:59:59,PREORDER,https://demo-assets.example.invalid/studio/images/2026/04/397659.jpeg,스튜디오 루미에르,스튜디오 루미에르,15,1000000,2000000,50,5,34,0,패션·잡화 카테고리에서 일상 문제를 해결하는 에센셜 프로젝트입니다.,패션·잡화,False,0,https://demo-source.example.invalid/web/campaign/detail/397659,/web/campaign/detail/397659,,[],,GREEN,,True,False,False,B0170,패션·잡화,success,1,0,0,0,0,5419,스튜디오 루미에르,PREORDER,진행중,1000000,66667,15.0,0.002768038383465584,0.0,0.0
401548,m_10b1ecf78c22,매일 들어도 가벼운 생활방수 미니 백팩,2026-04-28T23:59:59+09:00,2026-04-28T23:59:59,2026-06-12T23:59:59,PREORDER,https://demo-assets.example.invalid/studio/images/2026/04/401548.jpeg,브레바,브레바 컴퍼니,50,3000000,3000000,100,24,33,0,패션·잡화 카테고리에서 일상 문제를 해결하는 미니 프로젝트입니다.,패션·잡화,True,0,https://demo-source.example.invalid/web/campaign/detail/401548,/web/campaign/detail/401548,,[],,GREEN,,True,False,True,B0170,패션·잡화,success,11,10,7,0,3,3400,브레바 컴퍼니,PREORDER,진행중,3000000,60000,4.545454545454546,0.014705882352941176,0.3,0.7
398665,m_14a4700d9150,첫째도 둘째도 쓰는 엄마 추천 초경량,2026-04-26T13:59:59+09:00,2026-04-26T13:59:59,2026-06-10T13:59:59,PREORDER,https://demo-assets.example.invalid/studio/images/2026/04/398665.jpeg,리빙온,리빙온,79,3400000,10000000,34,14,31,0,유아·키즈 카테고리에서 일상 문제를 해결하는 초경량 프로젝트입니다.,유아·키즈,True,0,https://demo-source.example.invalid/web/campaign/detail/398665,/web/campaign/detail/398665,,[],,GREEN,,True,False,False,B0210,유아·키즈,success,6,7,5,2,0,4263,리빙온,PREORDER,진행중,3400000,43038,13.166666666666666,0.018531550551254983,0.0,0.7142857142857143
398131,m_5e52acf198d5,가죽 장인의 손맛을 담은 미니멀 클린 지갑,2026-05-10T19:59:59+09:00,2026-05-10T19:59:59,2026-06-09T19:59:59,PREORDER,https://demo-assets.example.invalid/studio/images/2026/04/398131.jpeg,주식회사 메디비티,주식회사 메디비티,62,1280000,2000000,64,12,30,0,패션·잡화 카테고리에서 일상 문제를 해결하는 클린 프로젝트입니다.,패션·잡화,False,0,https://demo-source.example.invalid/web/campaign/detail/398131,/web/campaign/detail/398131,,[],,,,True,True,False,B0170,패션·잡화,success,1,10,8,1,1,4675,주식회사 메디비티,PREORDER,진행중,1280000,20645,62.0,0.013262032085561497,0.1,0.8
399942,m_2d7c6edb8be9,러닝 입문자를 위한 스마트 바이브 밴드,2026-05-10T03:59:59+09:00,2026-05-10T03:59:59,2026-06-09T03:59:59,REWARD,https://demo-assets.example.invalid/studio/images/2026/04/399942.jpeg,스튜디오 그린웨이,스튜디오 그린웨이,18,600000,2000000,30,12,30,0,스포츠·모빌리티 카테고리에서 일상 문제를 해결하는 바이브 프로젝트입니다.,스포츠·모빌리티,False,0,https://demo-source.example.invalid/web/campaign/detail/399942,/web/campaign/detail/399942,,[],,,,True,False,False,B0160,스포츠·모빌리티,success,7,6,3,2,1,7479,스튜디오 그린웨이,REWARD,진행중,600000,33333,2.5714285714285716,0.0024067388688327317,0.16666666666666666,0.5
396163,m_719d1875271e,공간 분위기를 바꾸는 호텔식 감성 조명,2026-05-09T23:59:59+09:00,2026-05-09T23:59:59,2026-06-08T23:59:59,PREORDER,https://demo-assets.example.invalid/studio/images/2026/04/396163.jpeg,브랜드 리빙온,브랜드 리빙온,28,2120000,2000000,106,14,29,0,홈리빙 카테고리에서 일상 문제를 해결하는 감성 프로젝트입니다.,홈리빙,False,0,https://demo-source.example.invalid/web/campaign/detail/396163,/web/campaign/detail/396163,,[],,,,True,False,False,B0120,홈리빙,success,6,8,6,2,0,4386,브랜드 리빙온,PREORDER,진행중,2120000,75714,4.666666666666667,0.006383948928408573,0.0,0.75
400033,m_d32f72028c95,출근룩부터 여행까지 가능한 데일리 슈즈,2026-05-09T01:59:59+09:00,2026-05-09T01:59:59,2026-06-08T01:59:59,PREORDER,https://demo-assets.example.invalid/studio/images/2026/04/400033.jpeg,브랜드 제로랩,브랜드 제로랩 컴퍼니,23,1210000,1000000,121,4,29,0,패션·잡화 카테고리에서 일상 문제를 해결하는 데일리 프로젝트입니다.,패션·잡화,False,0,https://demo-source.example.invalid/web/campaign/detail/400033,/web/campaign/detail/400033,,[],,BLUE,,True,False,False,B0170,패션·잡화,success,2,6,5,0,1,4425,브랜드 제로랩 컴퍼니,PREORDER,진행중,1210000,52609,11.5,0.00519774011299435,0.16666666666666666,0.8333333333333334
398222,m_9b0e164100a7,반려동물 털 걱정을 줄이는 감성 클리너,2026-04-23T11:59:59+09:00,2026-04-23T11:59:59,2026-06-07T11:59:59,PREORDER,https://demo-assets.example.invalid/studio/images/2026/04/398222.jpeg,주식회사 로컬랩,주식회사 로컬랩,660,46600000,20000000,233,191,28,0,반려동물 카테고리에서 일상 문제를 해결하는 감성 프로젝트입니다.,반려동물,False,0,https://demo-source.example.invalid/web/campaign/detail/398222,/web/campaign/detail/398222,,[],,,,True,False,True,B0180,반려동물,success,77,77,41,22,14,39140,주식회사 로컬랩,PREORDER,진행중,46600000,70606,8.571428571428571,0.016862544711292796,0.18181818181818182,0.5324675324675324
393266,m_c1417f16f801,하루 10분으로 시작하는 실전 바이브 노트,2026-04-07T07:59:59+09:00,2026-04-07T07:59:59,2026-06-06T07:59:59,REWARD,https://demo-assets.example.invalid/studio/images/2026/04/393266.jpeg,브레바,브레바,13,740000,2000000,37,9,27,0,출판 카테고리에서 일상 문제를 해결하는 바이브 프로젝트입니다.,출판,False,0,https://demo-source.example.invalid/web/campaign/detail/393266,/web/campaign/detail/393266,,[],,,,True,False,False,B0110,출판,success,5,6,4,1,1,4467,브레바,REWARD,진행중,740000,56923,2.6,0.002910230579807477,0.16666666666666666,0.6666666666666666
393515,m_6174da3a5b50,"보이지 않는 바람의 차이, 공간까지 시원한 감성 선풍기",2026-04-21T11:59:59+09:00,2026-04-21T11:59:59,2026-06-05T11:59:59,PREORDER,https://demo-assets.example.invalid/studio/images/2026/04/393515.jpeg,리디아,리디아 컴퍼니,1819,48850000,5000000,977,267,26,0,테크·가전 카테고리에서 일상 문제를 해결하는 감성 프로젝트입니다.,테크·가전,True,0,https://demo-source.example.invalid/web/campaign/detail/393515,/web/campaign/detail/393515,,[],,BLUE,,True,False,False,B0050,테크·가전,success,118,62,42,15,5,77792,리디아 컴퍼니,PREORDER,진행중,48850000,26855,15.415254237288135,0.023382867132867132,0.08064516129032258,0.6774193548387096
396476,m_3dc4d26c3511,"전 객실 오션뷰 감성 숙소, 초경량 카라반 패키지",2026-04-21T03:59:59+09:00,2026-04-21T03:59:59,2026-06-05T03:59:59,PREORDER,https://demo-assets.example.invalid/studio/images/2026/04/396476.jpeg,메이커 루미에르,메이커 루미에르,266,21630000,3000000,721,111,26,0,여행·레저 카테고리에서 일상 문제를 해결하는 초경량 프로젝트입니다.,여행·레저,False,0,https://demo-source.example.invalid/web/campaign/detail/396476,/web/campaign/detail/396476,,[],,,,True,False,True,B0140,여행·레저,success,44,47,19,21,7,22597,메이커 루미에르,PREORDER,진행중,21630000,81316,6.045454545454546,0.011771474089480904,0.14893617021276595,0.40425531914893614
394920,m_3763bef9e53b,반려동물 털 걱정을 줄이는 리얼 클리너,2026-05-06T09:59:59+09:00,2026-05-06T09:59:59,2026-06-05T09:59:59,PREORDER,https://demo-assets.example.invalid/studio/images/2026/04/394920.jpeg,메이커 청연,메이커 청연,95,2900000,10000000,29,29,26,0,반려동물 카테고리에서 일상 문제를 해결하는 리얼 프로젝트입니다.,반려동물,False,0,https://demo-source.example.invalid/web/campaign/detail/394920,/web/campaign/detail/394920,,[],,BLUE,,True,False,False,B0180,반려동물,success,14,22,14,8,0,5708,메이커 청연,PREORDER,진행중,2900000,30526,6.785714285714286,0.016643307638402244,0.0,0.6363636363636364
402859,m_2ac9c80ccd11,하루 10분으로 시작하는 실전 리얼 노트,2026-05-04T14:59:59+09:00,2026-05-04T14:59:59,2026-06-03T14:59:59,PREORDER,https://demo-assets.example.invalid/studio/images/2026/04/402859.jpeg,스튜디오 리빙온,스튜디오 리빙온,229,12800000,10000000,128,58,24,0,출판 카테고리에서 일상 문제를 해결하는 리얼 프로젝트입니다.,출판,False,0,https://demo-source.example.invalid/web/campaign/detail/402859,/web/campaign/detail/402859,,[],,,,True,False,False,B0110,출판,success,14,52,32,16,4,7578,스튜디오 리빙온,PREORDER,진행중,12800000,55895,16.357142857142858,0.03021905515967274,0.07692307692307693,0.6153846153846154
397019,m_160c1e09f198,매일 들어도 가벼운 생활방수 에센셜 백팩,2026-05-04T17:59:59+09:00,2026-05-04T17:59:59,2026-06-03T17:59:59,PREORDER,https://demo-assets.example.invalid/studio/images/2026/04/397019.jpeg,브랜드 무딕스,브랜드 무딕스,103,5300000,10000000,53,23,24,0,패션·잡화 카테고리에서 일상 문제를 해결하는 에센셜 프로젝트입니다.,패션·잡화,True,0,https://demo-source.example.invalid/web/campaign/detail/397019,/web/campaign/detail/397019,,[],,,,True,False,False,B0170,패션·잡화,success,14,13,9,3,1,3868,브랜드 무딕스,PREORDER,진행중,5300000,51456,7.357142857142857,0.026628748707342297,0.07692307692307693,0.6923076923076923
398978,m_7a540bc4560c,예민한 피부도 매일 쓰는 저자극 에센셜 세럼,2026-05-04T18:59:59+09:00,2026-05-04T18:59:59,2026-06-03T18:59:59,PREORDER,https://demo-assets.example.invalid/studio/images/2026/04/398978.jpeg,메이커 리빙온,메이커 리빙온,86,4400000,20000000,22,20,24,0,스킨케어 카테고리에서 일상 문제를 해결하는 에센셜 프로젝트입니다.,스킨케어,False,0,https://demo-source.example.invalid/web/campaign/detail/398978,/web/campaign/detail/398978,,[],,GREEN,,True,False,False,B0190,스킨케어,success,9,15,8,2,5,6879,메이커 리빙온,PREORDER,진행중,4400000,51163,9.555555555555555,0.012501817124582062,0.3333333333333333,0.5333333333333333
394953,m_25bacc46f9ae,도심 속 힐링을 위한 프라이빗 제로 이용권,2026-05-04T12:59:59+09:00,2026-05-04T12:59:59,2026-06-03T12:59:59,PREORDER,https://demo-assets.example.invalid/studio/images/2026/04/394953.jpeg,제로랩,제로랩,34,1940000,2000000,97,7,24,0,여행·레저 카테고리에서 일상 문제를 해결하는 제로 프로젝트입니다.,여행·레저,False,0,https://demo-source.example.invalid/web/campaign/detail/394953,/web/campaign/detail/394953,,[],,,,True,False,False,B0140,여행·레저,success,6,8,3,4,1,3848,제로랩,PREORDER,진행중,1940000,57059,5.666666666666667,0.008835758835758836,0.125,0.375
399089,m_3985324b544b,"전 객실 오션뷰 감성 숙소, 에센셜 카라반 패키지",2026-04-19T09:59:59+09:00,2026-04-19T09:59:59,2026-06-03T09:59:59,PREORDER,https://demo-assets.example.invalid/studio/images/2026/04/399089.jpeg,주식회사 포근,주식회사 포근,25,1410000,3000000,47,11,24,0,여행·레저 카테고리에서 일상 문제를 해결하는 에센셜 프로젝트입니다.,여행·레저,False,0,https://demo-source.example.invalid/web/campaign/detail/399089,/web/campaign/detail/399089,,[],,,,True,False,False,B0140,여행·레저,success,9,0,0,0,0,4114,주식회사 포근,PREORDER,진행중,1410000,56400,2.7777777777777777,0.006076810889645114,0.0,0.0
401486,m_d025ccdf7da8,매일 들어도 가벼운 생활방수 프리미엄 백팩,2026-04-19T20:59:59+09:00,2026-04-19T20:59:59,2026-06-03T20:59:59,PREORDER,https://demo-assets.example.invalid/studio/images/2026/04/401486.jpeg,스튜디오 루미에르,스튜디오 루미에르 컴퍼니,13,1020000,3000000,34,11,24,0,패션·잡화 카테고리에서 일상 문제를 해결하는 프리미엄 프로젝트입니다.,패션·잡화,True,0,https://demo-source.example.invalid/web/campaign/detail/401486,/web/campaign/detail/401486,,[],,,,True,False,False,B0170,패션·잡화,success,3,2,1,1,0,524,스튜디오 루미에르 컴퍼니,PREORDER,진행중,1020000,78462,4.333333333333333,0.02480916030534351,0.0,0.5
394686,m_d0a595bb05e4,기록 습관을 만드는 감성 바이브 다이어리,2026-05-03T13:59:59+09:00,2026-05-03T13:59:59,2026-06-02T13:59:59,PREORDER,https://demo-assets.example.invalid/studio/images/2026/04/394686.jpeg,주식회사 리디아,주식회사 리디아 컴퍼니,269,16000000,20000000,80,111,23,0,출판 카테고리에서 일상 문제를 해결하는 바이브 프로젝트입니다.,출판,True,0,https://demo-source.example.invalid/web/campaign/detail/394686,/web/campaign/detail/394686,,[],,,,True,False,False,B0110,출판,success,48,44,21,14,9,22161,주식회사 리디아 컴퍼니,PREORDER,진행중,16000000,59480,5.604166666666667,0.012138441406073733,0.20454545454545456,0.4772727272727273
400101,m_590f793b5034,예민한 피부도 매일 쓰는 저자극 올인원 세럼,2026-04-18T08:59:59+09:00,2026-04-18T08:59:59,2026-06-02T08:59:59,PREORDER,https://demo-assets.example.invalid/studio/images/2026/04/400101.jpeg,리디아,리디아 컴퍼니,219,3800000,10000000,38,60,23,0,스킨케어 카테고리에서 일상 문제를 해결하는 올인원 프로젝트입니다.,스킨케어,False,0,https://demo-source.example.invalid/web/campaign/detail/400101,/web/campaign/detail/400101,,[],,,,True,False,False,B0190,스킨케어,success,16,31,17,7,7,7528,리디아 컴퍼니,PREORDER,진행중,3800000,17352,13.6875,0.029091392136025504,0.22580645161290322,0.5483870967741935
402297,m_5c2aa9f30240,작은 집도 넓게 쓰는 접이식 하이브리드 수납템,2026-05-03T08:59:59+09:00,2026-05-03T08:59:59,2026-06-02T08:59:59,REWARD,https://demo-assets.example.invalid/studio/images/2026/04/402297.jpeg,무딕스,무딕스,16,270000,3000000,9,7,23,0,홈리빙 카테고리에서 일상 문제를 해결하는 하이브리드 프로젝트입니다.,홈리빙,False,0,https://demo-source.example.invalid/web/campaign/detail/402297,/web/campaign/detail/402297,,[],,,,True,False,True,B0120,홈리빙,success,3,2,1,1,0,3571,무딕스,REWARD,진행중,270000,16875,5.333333333333333,0.004480537664519743,0.0,0.5
398782,m_0ed3d1e40951,"오픈형이지만 몰입은 깊게, 노이즈캔슬링 데일리",2026-05-02T08:59:59+09:00,2026-05-02T08:59:59,2026-06-01T08:59:59,PREORDER,https://demo-assets.example.invalid/studio/images/2026/04/398782.jpeg,유열,유열 컴퍼니,2053,109400000,20000000,547,800,22,0,테크·가전 카테고리에서 일상 문제를 해결하는 데일리 프로젝트입니다.,테크·가전,False,0,https://demo-source.example.invalid/web/campaign/detail/398782,/web/campaign/detail/398782,,[],,,,True,True,False,B0050,테크·가전,success,297,64,39,14,11,84418,유열 컴퍼니,PREORDER,진행중,109400000,53288,6.912457912457913,0.024319457935511383,0.171875,0.609375
401378,m_053b8837c829,예민한 피부도 매일 쓰는 저자극 미니 세럼,2026-04-17T23:59:59+09:00,2026-04-17T23:59:59,2026-06-01T23:59:59,PREORDER,https://demo-assets.example.invalid/studio/images/2026/04/401378.jpeg,스튜디오 메디비티,스튜디오 메디비티,55,2250000,5000000,45,13,22,0,스킨케어 카테고리에서 일상 문제를 해결하는 미니 프로젝트입니다.,스킨케어,True,0,https://demo-source.example.invalid/web/campaign/detail/401378,/web/campaign/detail/401378,,[],,GREEN,,False,False,False,B0190,스킨케어,success,2,10,3,4,3,5319,스튜디오 메디비티,PREORDER,진행중,2250000,40909,27.5,0.010340289528106787,0.3,0.3
401642,m_321fe9164a1a,노트북 책상을 깔끔하게 만드는 리얼 멀티 허브,2026-04-01T15:59:59+09:00,2026-04-01T15:59:59,2026-05-31T15:59:59,PREORDER,https://demo-assets.example.invalid/studio/images/2026/04/401642.jpeg,주식회사 리디아,주식회사 리디아,314,3600000,10000000,36,83,21,0,주변기기 카테고리에서 일상 문제를 해결하는 리얼 프로젝트입니다.,주변기기,False,0,https://demo-source.example.invalid/web/campaign/detail/401642,/web/campaign/detail/401642,,[],,GREEN,,True,False,False,B0070,주변기기,success,22,43,26,11,6,15604,주식회사 리디아,PREORDER,진행중,3600000,11465,14.272727272727273,0.020123045372981287,0.13953488372093023,0.6046511627906976
393490,m_2ca167298dee,"아침 3분 완성, 진한 풍미의 바이브 간편식",2026-05-10T20:59:59+09:00,2026-05-10T20:59:59,2026-05-31T20:59:59,PREORDER,https://demo-assets.example.invalid/studio/images/2026/04/393490.jpeg,스튜디오 사북상회,스튜디오 사북상회 컴퍼니,110,2700000,10000000,27,40,21,0,푸드 카테고리에서 일상 문제를 해결하는 바이브 프로젝트입니다.,푸드,False,0,https://demo-source.example.invalid/web/campaign/detail/393490,/web/campaign/detail/393490,,[],,,,True,False,False,B0150,푸드,success,11,15,10,1,4,5069,스튜디오 사북상회 컴퍼니,PREORDER,진행중,2700000,24545,10.0,0.02170053264943776,0.26666666666666666,0.6666666666666666
394306,m_e10b5bbaceda,"축축한 욕실 이제 안녕, 초강력 프로 욕실템",2026-05-09T07:59:59+09:00,2026-05-09T07:59:59,2026-05-30T07:59:59,PREORDER,https://demo-assets.example.invalid/studio/images/2026/04/394306.jpeg,메이커 메디비티,메이커 메디비티,2598,113100000,10000000,1131,850,20,0,홈리빙 카테고리에서 일상 문제를 해결하는 프로 프로젝트입니다.,홈리빙,True,0,https://demo-source.example.invalid/web/campaign/detail/394306,/web/campaign/detail/394306,,[],,,,True,False,False,B0120,홈리빙,success,339,66,41,19,6,173283,메이커 메디비티,PREORDER,진행중,113100000,43533,7.663716814159292,0.01499281522134312,0.09090909090909091,0.6212121212121212
396554,m_07795eee155d,정선 사북의 특별한 이야기를 담은 에센셜 베이커리,2026-05-09T16:59:59+09:00,2026-05-09T16:59:59,2026-05-30T16:59:59,REWARD,https://demo-assets.example.invalid/studio/images/2026/04/396554.jpeg,브랜드 리빙온,브랜드 리빙온,18,1100000,5000000,22,9,20,0,푸드 카테고리에서 일상 문제를 해결하는 에센셜 프로젝트입니다.,푸드,False,0,https://demo-source.example.invalid/web/campaign/detail/396554,/web/campaign/detail/396554,,[],,,,True,True,True,B0150,푸드,success,3,3,1,2,0,1103,브랜드 리빙온,REWARD,진행중,1100000,61111,6.0,0.016319129646418858,0.0,0.3333333333333333
394992,m_a3579ef0956d,매일 들어도 가벼운 생활방수 제로 백팩,2026-04-30T15:59:59+09:00,2026-04-30T15:59:59,2026-05-30T15:59:59,PREORDER,https://demo-assets.example.invalid/studio/images/2026/04/394992.jpeg,메이커 포근,메이커 포근,15,840000,2000000,42,7,20,0,패션·잡화 카테고리에서 일상 문제를 해결하는 제로 프로젝트입니다.,패션·잡화,False,0,https://demo-source.example.invalid/web/campaign/detail/394992,/web/campaign/detail/394992,,[],,,,True,False,True,B0170,패션·잡화,success,3,5,1,4,0,2564,메이커 포근,PREORDER,진행중,840000,56000,5.0,0.005850234009360375,0.0,0.2
393606,m_d195f62deff4,아이의 수면 루틴을 돕는 시그니처 침구,2026-04-14T18:59:59+09:00,2026-04-14T18:59:59,2026-05-29T18:59:59,PREORDER,https://demo-assets.example.invalid/studio/images/2026/04/393606.jpeg,주식회사 유열,주식회사 유열,2201,94700000,10000000,947,897,19,0,유아·키즈 카테고리에서 일상 문제를 해결하는 시그니처 프로젝트입니다.,유아·키즈,False,0,https://demo-source.example.invalid/web/campaign/detail/393606,/web/campaign/detail/393606,,[],,BLUE,,True,True,True,B0210,유아·키즈,success,362,89,46,30,13,80494,주식회사 유열,PREORDER,진행중,94700000,43026,6.080110497237569,0.027343652943076502,0.14606741573033707,0.5168539325842697
399901,m_225a22125b7b,정선 사북의 특별한 이야기를 담은 프리미엄 베이커리,2026-03-30T07:59:59+09:00,2026-03-30T07:59:59,2026-05-29T07:59:59,PREORDER,https://demo-assets.example.invalid/studio/images/2026/04/399901.jpeg,브랜드 리디아,브랜드 리디아,60,3900000,5000000,78,25,19,0,푸드 카테고리에서 일상 문제를 해결하는 프리미엄 프로젝트입니다.,푸드,True,0,https://demo-source.example.invalid/web/campaign/detail/399901,/web/campaign/detail/399901,,[],,BLUE,,True,False,False,B0150,푸드,success,11,15,12,3,0,7470,브랜드 리디아,PREORDER,진행중,3900000,65000,5.454545454545454,0.008032128514056224,0.0,0.8
394506,m_f2e446c5c19a,피부의 기초 상태를 바꾸는 미니 앰플+크림세트,2026-04-27T03:59:59+09:00,2026-04-27T03:59:59,2026-05-27T03:59:59,REWARD,https://demo-assets.example.invalid/studio/images/2026/04/394506.jpeg,브랜드 온하루,브랜드 온하루,196,13600000,20000000,68,75,17,0,스킨케어 카테고리에서 일상 문제를 해결하는 미니 프로젝트입니다.,스킨케어,False,0,https://demo-source.example.invalid/web/campaign/detail/394506,/web/campaign/detail/394506,,[],,,,True,False,True,B0190,스킨케어,success,26,0,0,0,0,5431,브랜드 온하루,REWARD,진행중,13600000,69388,7.538461538461538,0.0360891180261462,0.0,0.0
402685,m_0b85977e6e7a,공간 분위기를 바꾸는 호텔식 스마트 조명,2026-05-06T13:59:59+09:00,2026-05-06T13:59:59,2026-05-27T13:59:59,PREORDER,https://demo-assets.example.invalid/studio/images/2026/04/402685.jpeg,스튜디오 무딕스,스튜디오 무딕스,97,5000000,20000000,25,34,17,0,홈리빙 카테고리에서 일상 문제를 해결하는 스마트 프로젝트입니다.,홈리빙,False,0,https://demo-source.example.invalid/web/campaign/detail/402685,/web/campaign/detail/402685,,[],,,,True,False,False,B0120,홈리빙,success,27,19,10,9,0,7347,스튜디오 무딕스,PREORDER,진행중,5000000,51546,3.5925925925925926,0.01320266775554648,0.0,0.5263157894736842
401384,m_4048da274086,산책이 편해지는 초경량 감성 리드줄,2026-03-28T08:59:59+09:00,2026-03-28T08:59:59,2026-05-27T08:59:59,REWARD,https://demo-assets.example.invalid/studio/images/2026/04/401384.jpeg,주식회사 메디비티,주식회사 메디비티,40,860000,2000000,43,20,17,0,반려동물 카테고리에서 일상 문제를 해결하는 감성 프로젝트입니다.,반려동물,False,0,https://demo-source.example.invalid/web/campaign/detail/401384,/web/campaign/detail/401384,,[],,BLUE,,True,False,True,B0180,반려동물,success,6,6,4,1,1,6813,주식회사 메디비티,REWARD,진행중,860000,21500,6.666666666666667,0.005871128724497285,0.16666666666666666,0.6666666666666666
401638,m_94c072a4e244,러닝 입문자를 위한 스마트 컴팩트 밴드,2026-05-05T16:59:59+09:00,2026-05-05T16:59:59,2026-05-26T16:59:59,PREORDER,https://demo-assets.example.invalid/studio/images/2026/04/401638.jpeg,브랜드 온하루,브랜드 온하루,676,29950000,5000000,599,291,16,0,스포츠·모빌리티 카테고리에서 일상 문제를 해결하는 컴팩트 프로젝트입니다.,스포츠·모빌리티,False,0,https://demo-source.example.invalid/web/campaign/detail/401638,/web/campaign/detail/401638,,[],,,,True,False,False,B0160,스포츠·모빌리티,success,123,82,44,25,13,28619,브랜드 온하루,PREORDER,진행중,29950000,44305,5.495934959349594,0.023620671581816275,0.15853658536585366,0.5365853658536586
402403,m_a17f689d75c7,"전 객실 오션뷰 감성 숙소, 컴팩트 카라반 패키지",2026-04-26T21:59:59+09:00,2026-04-26T21:59:59,2026-05-26T21:59:59,PREORDER,https://demo-assets.example.invalid/studio/images/2026/04/402403.jpeg,메이커 메디비티,메이커 메디비티,485,14600000,10000000,146,99,16,0,여행·레저 카테고리에서 일상 문제를 해결하는 컴팩트 프로젝트입니다.,여행·레저,False,0,https://demo-source.example.invalid/web/campaign/detail/402403,/web/campaign/detail/402403,,[],,GREEN,,True,False,False,B0140,여행·레저,success,37,65,37,17,11,31833,메이커 메디비티,PREORDER,진행중,14600000,30103,13.108108108108109,0.015235761631011844,0.16923076923076924,0.5692307692307692
400928,m_f61a5a94a5f8,피부의 기초 상태를 바꾸는 바이브 앰플+크림세트,2026-04-11T13:59:59+09:00,2026-04-11T13:59:59,2026-05-26T13:59:59,PREORDER,https://demo-assets.example.invalid/studio/images/2026/04/400928.jpeg,스튜디오 로컬랩,스튜디오 로컬랩 컴퍼니,400,11600000,20000000,58,175,16,0,스킨케어 카테고리에서 일상 문제를 해결하는 바이브 프로젝트입니다.,스킨케어,False,0,https://demo-source.example.invalid/web/campaign/detail/400928,/web/campaign/detail/400928,,[],,GREEN,,True,True,False,B0190,스킨케어,success,54,64,38,17,9,12928,스튜디오 로컬랩 컴퍼니,PREORDER,진행중,11600000,29000,7.407407407407407,0.03094059405940594,0.140625,0.59375
396525,m_730fc36bbe93,"축축한 욕실 이제 안녕, 초강력 초경량 욕실템",2026-04-26T14:59:59+09:00,2026-04-26T14:59:59,2026-05-26T14:59:59,PREORDER,https://demo-assets.example.invalid/studio/images/2026/04/396525.jpeg,주식회사 사북상회,주식회사 사북상회 컴퍼니,29,1400000,2000000,70,4,16,0,홈리빙 카테고리에서 일상 문제를 해결하는 초경량 프로젝트입니다.,홈리빙,False,0,https://demo-source.example.invalid/web/campaign/detail/396525,/web/campaign/detail/396525,,[],,GREEN,,True,False,True,B0120,홈리빙,success,2,3,3,0,0,7172,주식회사 사북상회 컴퍼니,PREORDER,진행중,1400000,48276,14.5,0.0040435025097601785,0.0,1.0
395927,m_d8337fa2ec2a,피부의 기초 상태를 바꾸는 제로 앰플+크림세트,2026-04-26T18:59:59+09:00,2026-04-26T18:59:59,2026-05-26T18:59:59,PREORDER,https://demo-assets.example.invalid/studio/images/2026/04/395927.jpeg,메이커 청연,메이커 청연,8,450000,1000000,45,5,16,0,스킨케어 카테고리에서 일상 문제를 해결하는 제로 프로젝트입니다.,스킨케어,True,0,https://demo-source.example.invalid/web/campaign/detail/395927,/web/campaign/detail/395927,,[],,,,True,False,False,B0190,스킨케어,success,2,4,3,1,0,5699,메이커 청연,PREORDER,진행중,450000,56250,4.0,0.0014037550447446921,0.0,0.75
399148,m_bdb5f2a63b09,하루 10분으로 시작하는 실전 초경량 노트,2026-04-25T23:59:59+09:00,2026-04-25T23:59:59,2026-05-25T23:59:59,REWARD,https://demo-assets.example.invalid/studio/images/2026/04/399148.jpeg,스튜디오 두이즈,스튜디오 두이즈,436,29200000,20000000,146,113,15,0,출판 카테고리에서 일상 문제를 해결하는 초경량 프로젝트입니다.,출판,False,0,https://demo-source.example.invalid/web/campaign/detail/399148,/web/campaign/detail/399148,,[],,,,True,False,False,B0110,출판,success,54,58,29,18,11,28163,스튜디오 두이즈,REWARD,진행중,29200000,66972,8.074074074074074,0.015481305258672726,0.1896551724137931,0.5
400992,m_a6e081846064,"보이지 않는 바람의 차이, 공간까지 시원한 미니 선풍기",2026-04-25T05:59:59+09:00,2026-04-25T05:59:59,2026-05-25T05:59:59,REWARD,https://demo-assets.example.invalid/studio/images/2026/04/400992.jpeg,브랜드 로컬랩,브랜드 로컬랩,1021,26000000,10000000,260,405,15,0,테크·가전 카테고리에서 일상 문제를 해결하는 미니 프로젝트입니다.,테크·가전,False,0,https://demo-source.example.invalid/web/campaign/detail/400992,/web/campaign/detail/400992,,[],,,,True,False,False,B0050,테크·가전,success,154,71,43,20,8,69682,브랜드 로컬랩,REWARD,진행중,26000000,25465,6.62987012987013,0.014652277489165064,0.11267605633802817,0.6056338028169014
396811,m_0303ee2b9c3e,꽂는 순간 숫자로 보이는 충전 속도ㅣ컴팩트 LED 케이블,2026-04-25T12:59:59+09:00,2026-04-25T12:59:59,2026-05-25T12:59:59,PREORDER,https://demo-assets.example.invalid/studio/images/2026/04/396811.jpeg,메이커 사북상회,메이커 사북상회,93,5300000,10000000,53,40,15,0,주변기기 카테고리에서 일상 문제를 해결하는 컴팩트 프로젝트입니다.,주변기기,False,0,https://demo-source.example.invalid/web/campaign/detail/396811,/web/campaign/detail/396811,,[],,,,True,False,False,B0070,주변기기,success,14,15,11,3,1,6440,메이커 사북상회,PREORDER,진행중,5300000,56989,6.642857142857143,0.014440993788819875,0.06666666666666667,0.7333333333333333
393640,m_beee7d389b35,"보이지 않는 바람의 차이, 공간까지 시원한 감성 선풍기",2026-05-03T10:59:59+09:00,2026-05-03T10:59:59,2026-05-24T10:59:59,REWARD,https://demo-assets.example.invalid/studio/images/2026/04/393640.jpeg,주식회사 리빙온,주식회사 리빙온,134,11940000,3000000,398,36,14,0,테크·가전 카테고리에서 일상 문제를 해결하는 감성 프로젝트입니다.,테크·가전,True,0,https://demo-source.example.invalid/web/campaign/detail/393640,/web/campaign/detail/393640,,[],,,,False,False,False,B0050,테크·가전,success,13,31,19,7,5,7794,주식회사 리빙온,REWARD,진행중,11940000,89104,10.307692307692308,0.017192712342827817,0.16129032258064516,0.6129032258064516
398771,m_0bbf992a7759,매일 들어도 가벼운 생활방수 스마트 백팩,2026-05-10T04:59:59+09:00,2026-05-10T04:59:59,2026-05-24T04:59:59,PREORDER,https://demo-assets.example.invalid/studio/images/2026/04/398771.jpeg,브랜드 무딕스,브랜드 무딕스 컴퍼니,247,10290000,1000000,1029,63,14,0,패션·잡화 카테고리에서 일상 문제를 해결하는 스마트 프로젝트입니다.,패션·잡화,False,0,https://demo-source.example.invalid/web/campaign/detail/398771,/web/campaign/detail/398771,,[],,,,True,False,False,B0170,패션·잡화,success,31,47,22,17,8,9894,브랜드 무딕스 컴퍼니,PREORDER,진행중,10290000,41660,7.967741935483871,0.02496462502526784,0.1702127659574468,0.46808510638297873
399909,m_6f771ef95a12,공간 분위기를 바꾸는 호텔식 리얼 조명,2026-05-10T14:59:59+09:00,2026-05-10T14:59:59,2026-05-24T14:59:59,PREORDER,https://demo-assets.example.invalid/studio/images/2026/04/399909.jpeg,메이커 제로랩,메이커 제로랩,355,9120000,1000000,912,153,14,0,홈리빙 카테고리에서 일상 문제를 해결하는 리얼 프로젝트입니다.,홈리빙,False,0,https://demo-source.example.invalid/web/campaign/detail/399909,/web/campaign/detail/399909,,[],,PURPLE,,True,False,False,B0120,홈리빙,success,52,67,33,27,7,22292,메이커 제로랩,PREORDER,진행중,9120000,25690,6.826923076923077,0.01592499551408577,0.1044776119402985,0.4925373134328358
393377,m_7f51d4ceeea8,피부의 기초 상태를 바꾸는 컴팩트 앰플+크림세트,2026-04-24T14:59:59+09:00,2026-04-24T14:59:59,2026-05-24T14:59:59,PREORDER,https://demo-assets.example.invalid/studio/images/2026/04/393377.jpeg,스튜디오 메디비티,스튜디오 메디비티 컴퍼니,263,7350000,5000000,147,80,14,0,스킨케어 카테고리에서 일상 문제를 해결하는 컴팩트 프로젝트입니다.,스킨케어,False,0,https://demo-source.example.invalid/web/campaign/detail/393377,/web/campaign/detail/393377,,[],,,,True,False,False,B0190,스킨케어,success,27,53,19,22,12,8553,스튜디오 메디비티 컴퍼니,PREORDER,진행중,7350000,27947,9.74074074074074,0.030749444639307844,0.22641509433962265,0.3584905660377358
399552,m_9251d067df01,"축축한 욕실 이제 안녕, 초강력 클린 욕실템",2026-04-24T07:59:59+09:00,2026-04-24T07:59:59,2026-05-24T07:59:59,PREORDER,https://demo-assets.example.invalid/studio/images/2026/04/399552.jpeg,메이커 메디비티,메이커 메디비티,11,500000,2000000,25,3,14,0,홈리빙 카테고리에서 일상 문제를 해결하는 클린 프로젝트입니다.,홈리빙,True,0,https://demo-source.example.invalid/web/campaign/detail/399552,/web/campaign/detail/399552,,[],,,,True,False,False,B0120,홈리빙,success,4,0,0,0,0,1026,메이커 메디비티,PREORDER,진행중,500000,45455,2.75,0.010721247563352826,0.0,0.0
397808,m_17673e43d785,산책이 편해지는 초경량 스마트 리드줄,2026-04-23T08:59:59+09:00,2026-04-23T08:59:59,2026-05-23T08:59:59,REWARD,https://demo-assets.example.invalid/studio/images/2026/04/397808.jpeg,메이커 제로랩,메이커 제로랩,2306,129200000,20000000,646,911,13,0,반려동물 카테고리에서 일상 문제를 해결하는 스마트 프로젝트입니다.,반려동물,False,0,https://demo-source.example.invalid/web/campaign/detail/397808,/web/campaign/detail/397808,,[],,,,True,False,True,B0180,반려동물,success,350,63,38,14,11,94100,메이커 제로랩,REWARD,진행중,129200000,56028,6.588571428571429,0.02450584484590861,0.1746031746031746,0.6031746031746031
402562,m_79f455ef6788,출근길 배터리 걱정 없는 초경량 시그니처 보조배터리,2026-04-23T04:59:59+09:00,2026-04-23T04:59:59,2026-05-23T04:59:59,PREORDER,https://demo-assets.example.invalid/studio/images/2026/04/402562.jpeg,그린웨이,그린웨이,582,21400000,2000000,1070,107,13,0,주변기기 카테고리에서 일상 문제를 해결하는 시그니처 프로젝트입니다.,주변기기,True,0,https://demo-source.example.invalid/web/campaign/detail/402562,/web/campaign/detail/402562,,[],,PURPLE,,True,False,False,B0070,주변기기,success,34,84,56,19,9,22061,그린웨이,PREORDER,진행중,21400000,36770,17.11764705882353,0.0263813970354925,0.10714285714285714,0.6666666666666666
398355,m_9e48d15b269f,선물하기 좋은 프리미엄 컴팩트 디저트 세트,2026-04-23T12:59:59+09:00,2026-04-23T12:59:59,2026-05-23T12:59:59,REWARD,https://demo-assets.example.invalid/studio/images/2026/04/398355.jpeg,브레바,브레바 컴퍼니,482,15000000,20000000,75,213,13,0,푸드 카테고리에서 일상 문제를 해결하는 컴팩트 프로젝트입니다.,푸드,True,0,https://demo-source.example.invalid/web/campaign/detail/398355,/web/campaign/detail/398355,,[],,,,True,False,False,B0150,푸드,success,85,75,46,22,7,13793,브레바 컴퍼니,REWARD,진행중,15000000,31120,5.670588235294118,0.03494526208946567,0.09333333333333334,0.6133333333333333
394250,m_e8023bc9e70d,물끓임 필요 없는 셀프히팅 미니 머신,2026-05-02T09:59:59+09:00,2026-05-02T09:59:59,2026-05-23T09:59:59,REWARD,https://demo-assets.example.invalid/studio/images/2026/04/394250.jpeg,스튜디오 브레바,스튜디오 브레바,67,800000,20000000,4,30,13,0,테크·가전 카테고리에서 일상 문제를 해결하는 미니 프로젝트입니다.,테크·가전,False,0,https://demo-source.example.invalid/web/campaign/detail/394250,/web/campaign/detail/394250,,[],,,,True,False,False,B0050,테크·가전,success,11,10,8,1,1,4646,스튜디오 브레바,REWARD,진행중,800000,11940,6.090909090909091,0.014421007318123116,0.1,0.8
395270,m_638f56a2d3f4,출퇴근을 가볍게 만드는 스마트 모빌리티 용품,2026-04-23T10:59:59+09:00,2026-04-23T10:59:59,2026-05-23T10:59:59,PREORDER,https://demo-assets.example.invalid/studio/images/2026/04/395270.jpeg,제로랩,제로랩 컴퍼니,9,380000,2000000,19,8,13,0,스포츠·모빌리티 카테고리에서 일상 문제를 해결하는 스마트 프로젝트입니다.,스포츠·모빌리티,False,0,https://demo-source.example.invalid/web/campaign/detail/395270,/web/campaign/detail/395270,,[],,GREEN,,True,False,False,B0160,스포츠·모빌리티,success,2,4,3,1,0,7661,제로랩 컴퍼니,PREORDER,진행중,380000,42222,4.5,0.0011747813601357526,0.0,0.75
398244,m_c5c298a77f63,출근길 배터리 걱정 없는 초경량 미니 보조배터리,2026-04-22T07:59:59+09:00,2026-04-22T07:59:59,2026-05-22T07:59:59,PREORDER,https://demo-assets.example.invalid/studio/images/2026/04/398244.jpeg,두이즈,두이즈,2375,199800000,20000000,999,729,12,0,주변기기 카테고리에서 일상 문제를 해결하는 미니 프로젝트입니다.,주변기기,False,0,https://demo-source.example.invalid/web/campaign/detail/398244,/web/campaign/detail/398244,,[],,GREEN,,True,False,False,B0070,주변기기,success,261,90,57,23,10,149646,두이즈,PREORDER,진행중,199800000,84126,9.099616858237548,0.015870788393943038,0.1111111111111111,0.6333333333333333
397894,m_1e0a587abe51,예민한 피부도 매일 쓰는 저자극 감성 세럼,2026-05-08T01:59:59+09:00,2026-05-08T01:59:59,2026-05-22T01:59:59,REWARD,https://demo-assets.example.invalid/studio/images/2026/04/397894.jpeg,주식회사 온하루,주식회사 온하루 컴퍼니,42,1950000,5000000,39,7,12,0,스킨케어 카테고리에서 일상 문제를 해결하는 감성 프로젝트입니다.,스킨케어,False,0,https://demo-source.example.invalid/web/campaign/detail/397894,/web/campaign/detail/397894,,[],,GREEN,,True,True,True,B0190,스킨케어,success,3,4,2,1,1,3381,주식회사 온하루 컴퍼니,REWARD,진행중,1950000,46429,14.0,0.012422360248447204,0.25,0.5
393348,m_0da2ea9b8037,러닝 입문자를 위한 스마트 올인원 밴드,2026-05-01T19:59:59+09:00,2026-05-01T19:59:59,2026-05-22T19:59:59,PREORDER,https://demo-assets.example.invalid/studio/images/2026/04/393348.jpeg,그린웨이,그린웨이,42,750000,3000000,25,18,12,0,스포츠·모빌리티 카테고리에서 일상 문제를 해결하는 올인원 프로젝트입니다.,스포츠·모빌리티,False,0,https://demo-source.example.invalid/web/campaign/detail/393348,/web/campaign/detail/393348,,[],,,,True,False,True,B0160,스포츠·모빌리티,success,11,11,5,3,3,1782,그린웨이,PREORDER,진행중,750000,17857,3.8181818181818183,0.02356902356902357,0.2727272727272727,0.45454545454545453
393157,m_2ad8059e94c7,노트북 책상을 깔끔하게 만드는 초경량 멀티 허브,2026-04-30T11:59:59+09:00,2026-04-30T11:59:59,2026-05-21T11:59:59,REWARD,https://demo-assets.example.invalid/studio/images/2026/04/393157.jpeg,스튜디오 메디비티,스튜디오 메디비티,175,1360000,2000000,68,51,11,0,주변기기 카테고리에서 일상 문제를 해결하는 초경량 프로젝트입니다.,주변기기,False,0,https://demo-source.example.invalid/web/campaign/detail/393157,/web/campaign/detail/393157,,[],,,,True,False,False,B0070,주변기기,success,26,31,17,10,4,11665,스튜디오 메디비티,REWARD,진행중,1360000,7771,6.730769230769231,0.015002143163309044,0.12903225806451613,0.5483870967741935
399879,m_e6a8ccf007e5,출근길 배터리 걱정 없는 초경량 감성 보조배터리,2026-04-21T22:59:59+09:00,2026-04-21T22:59:59,2026-05-21T22:59:59,PREORDER,https://demo-assets.example.invalid/studio/images/2026/04/399879.jpeg,무딕스,무딕스 컴퍼니,65,1320000,2000000,66,10,11,0,주변기기 카테고리에서 일상 문제를 해결하는 감성 프로젝트입니다.,주변기기,False,0,https://demo-source.example.invalid/web/campaign/detail/399879,/web/campaign/detail/399879,,[],,,,True,False,False,B0070,주변기기,success,3,8,7,1,0,7759,무딕스 컴퍼니,PREORDER,진행중,1320000,20308,21.666666666666668,0.008377368217553808,0.0,0.875
394225,m_2927af445d05,가죽 장인의 손맛을 담은 미니멀 프로 지갑,2026-04-21T02:59:59+09:00,2026-04-21T02:59:59,2026-05-21T02:59:59,REWARD,https://demo-assets.example.invalid/studio/images/2026/04/394225.jpeg,주식회사 아이무드,주식회사 아이무드,9,140000,1000000,14,4,11,0,패션·잡화 카테고리에서 일상 문제를 해결하는 프로 프로젝트입니다.,패션·잡화,False,0,https://demo-source.example.invalid/web/campaign/detail/394225,/web/campaign/detail/394225,,[],,BLUE,,True,False,False,B0170,패션·잡화,success,2,0,0,0,0,7554,주식회사 아이무드,REWARD,진행중,140000,15556,4.5,0.0011914217633042098,0.0,0.0
397451,m_8b0ceb969e1a,"축축한 욕실 이제 안녕, 초강력 프로 욕실템",2026-04-20T10:59:59+09:00,2026-04-20T10:59:59,2026-05-20T10:59:59,PREORDER,https://demo-assets.example.invalid/studio/images/2026/04/397451.jpeg,주식회사 포근,주식회사 포근,3800,147400000,20000000,737,1447,10,0,홈리빙 카테고리에서 일상 문제를 해결하는 프로 프로젝트입니다.,홈리빙,False,0,https://demo-source.example.invalid/web/campaign/detail/397451,/web/campaign/detail/397451,,[],,,,True,False,False,B0120,홈리빙,success,597,78,46,25,7,114472,주식회사 포근,PREORDER,진행중,147400000,38789,6.365159128978225,0.033195890698162,0.08974358974358974,0.5897435897435898
402830,m_24ad0c727f49,13층 깊은 보습에 피부 열감까지 내리는 하이브리드 크림,2026-04-20T04:59:59+09:00,2026-04-20T04:59:59,2026-05-20T04:59:59,PREORDER,https://demo-assets.example.invalid/studio/images/2026/04/402830.jpeg,루미에르,루미에르,424,27810000,3000000,927,109,10,0,스킨케어 카테고리에서 일상 문제를 해결하는 하이브리드 프로젝트입니다.,스킨케어,True,0,https://demo-source.example.invalid/web/campaign/detail/402830,/web/campaign/detail/402830,,[],,GREEN,,True,False,False,B0190,스킨케어,success,39,0,0,0,0,32450,루미에르,PREORDER,진행중,27810000,65590,10.871794871794872,0.013066255778120185,0.0,0.0
395803,m_a9580b768f3f,물끓임 필요 없는 셀프히팅 바이브 머신,2026-05-06T11:59:59+09:00,2026-05-06T11:59:59,2026-05-20T11:59:59,PREORDER,https://demo-assets.example.invalid/studio/images/2026/04/395803.jpeg,스튜디오 로컬랩,스튜디오 로컬랩 컴퍼니,300,7600000,5000000,152,137,10,0,테크·가전 카테고리에서 일상 문제를 해결하는 바이브 프로젝트입니다.,테크·가전,False,0,https://demo-source.example.invalid/web/campaign/detail/395803,/web/campaign/detail/395803,,[],,GREEN,,True,False,False,B0050,테크·가전,success,57,70,37,26,7,19079,스튜디오 로컬랩 컴퍼니,PREORDER,진행중,7600000,25333,5.2631578947368425,0.01572409455422192,0.1,0.5285714285714286
393813,m_3b7c97b42228,가볍게 떠나는 주말 캠핑용 시그니처 세트,2026-04-29T15:59:59+09:00,2026-04-29T15:59:59,2026-05-20T15:59:59,PREORDER,https://demo-assets.example.invalid/studio/images/2026/04/393813.jpeg,브랜드 두이즈,브랜드 두이즈,184,5770000,1000000,577,60,10,0,여행·레저 카테고리에서 일상 문제를 해결하는 시그니처 프로젝트입니다.,여행·레저,False,0,https://demo-source.example.invalid/web/campaign/detail/393813,/web/campaign/detail/393813,,[],,,,True,False,False,B0140,여행·레저,success,25,37,16,15,6,16637,브랜드 두이즈,PREORDER,진행중,5770000,31359,7.36,0.011059686241509888,0.16216216216216217,0.43243243243243246
396445,m_a54bec98918e,도심 속 힐링을 위한 프라이빗 데일리 이용권,2026-05-06T01:59:59+09:00,2026-05-06T01:59:59,2026-05-20T01:59:59,REWARD,https://demo-assets.example.invalid/studio/images/2026/04/396445.jpeg,주식회사 리디아,주식회사 리디아 컴퍼니,19,1220000,2000000,61,8,10,0,여행·레저 카테고리에서 일상 문제를 해결하는 데일리 프로젝트입니다.,여행·레저,False,0,https://demo-source.example.invalid/web/campaign/detail/396445,/web/campaign/detail/396445,,[],,,,True,False,False,B0140,여행·레저,success,0,0,0,0,0,3428,주식회사 리디아 컴퍼니,REWARD,진행중,1220000,64211,0.0,0.005542590431738623,0.0,0.0
398268,m_5d14d2ff75bc,첫째도 둘째도 쓰는 엄마 추천 감성,2026-04-05T21:59:59+09:00,2026-04-05T21:59:59,2026-05-20T21:59:59,PREORDER,https://demo-assets.example.invalid/studio/images/2026/04/398268.jpeg,주식회사 청연,주식회사 청연 컴퍼니,13,900000,2000000,45,6,10,0,유아·키즈 카테고리에서 일상 문제를 해결하는 감성 프로젝트입니다.,유아·키즈,False,0,https://demo-source.example.invalid/web/campaign/detail/398268,/web/campaign/detail/398268,,[],,,,True,False,False,B0210,유아·키즈,success,3,2,0,2,0,4848,주식회사 청연 컴퍼니,PREORDER,진행중,900000,69231,4.333333333333333,0.0026815181518151814,0.0,0.0
402433,m_2f4f63beac4d,반려동물 털 걱정을 줄이는 감성 클리너,2026-04-04T04:59:59+09:00,2026-04-04T04:59:59,2026-05-19T04:59:59,REWARD,https://demo-assets.example.invalid/studio/images/2026/04/402433.jpeg,메이커 포근,메이커 포근,161,5300000,10000000,53,69,9,0,반려동물 카테고리에서 일상 문제를 해결하는 감성 프로젝트입니다.,반려동물,False,0,https://demo-source.example.invalid/web/campaign/detail/402433,/web/campaign/detail/402433,,[],,,,True,False,False,B0180,반려동물,success,16,33,17,11,5,4700,메이커 포근,REWARD,진행중,5300000,32919,10.0625,0.03425531914893617,0.15151515151515152,0.5151515151515151
394085,m_51284d04d19d,13층 깊은 보습에 피부 열감까지 내리는 제로 크림,2026-05-05T13:59:59+09:00,2026-05-05T13:59:59,2026-05-19T13:59:59,PREORDER,https://demo-assets.example.invalid/studio/images/2026/04/394085.jpeg,브랜드 유열,브랜드 유열,25,1580000,2000000,79,6,9,0,스킨케어 카테고리에서 일상 문제를 해결하는 제로 프로젝트입니다.,스킨케어,False,0,https://demo-source.example.invalid/web/campaign/detail/394085,/web/campaign/detail/394085,,[],,BLUE,,True,False,False,B0190,스킨케어,success,2,5,2,2,1,5473,브랜드 유열,PREORDER,진행중,1580000,63200,12.5,0.004567878677142335,0.2,0.4
394685,m_e9a30aa97877,가죽 장인의 손맛을 담은 미니멀 초경량 지갑,2026-04-19T08:59:59+09:00,2026-04-19T08:59:59,2026-05-19T08:59:59,PREORDER,https://demo-assets.example.invalid/studio/images/2026/04/394685.jpeg,주식회사 두이즈,주식회사 두이즈,25,1140000,1000000,114,8,9,0,패션·잡화 카테고리에서 일상 문제를 해결하는 초경량 프로젝트입니다.,패션·잡화,True,0,https://demo-source.example.invalid/web/campaign/detail/394685,/web/campaign/detail/394685,,[],,PURPLE,,True,False,False,B0170,패션·잡화,success,7,4,3,0,1,4415,주식회사 두이즈,PREORDER,진행중,1140000,45600,3.5714285714285716,0.0056625141562853904,0.25,0.75
401740,m_0bc20ac6a129,13층 깊은 보습에 피부 열감까지 내리는 데일리 크림,2026-04-28T19:59:59+09:00,2026-04-28T19:59:59,2026-05-19T19:59:59,REWARD,https://demo-assets.example.invalid/studio/images/2026/04/401740.jpeg,스튜디오 루미에르,스튜디오 루미에르,12,520000,1000000,52,6,9,0,스킨케어 카테고리에서 일상 문제를 해결하는 데일리 프로젝트입니다.,스킨케어,False,0,https://demo-source.example.invalid/web/campaign/detail/401740,/web/campaign/detail/401740,,[],,,,True,False,False,B0190,스킨케어,success,1,3,1,1,1,914,스튜디오 루미에르,REWARD,진행중,520000,43333,12.0,0.01312910284463895,0.3333333333333333,0.3333333333333333
402615,m_edcdb06b514e,선물하기 좋은 프리미엄 클린 디저트 세트,2026-04-18T20:59:59+09:00,2026-04-18T20:59:59,2026-05-18T20:59:59,REWARD,https://demo-assets.example.invalid/studio/images/2026/04/402615.jpeg,청연,청연 컴퍼니,54,1560000,2000000,78,26,8,0,푸드 카테고리에서 일상 문제를 해결하는 클린 프로젝트입니다.,푸드,False,0,https://demo-source.example.invalid/web/campaign/detail/402615,/web/campaign/detail/402615,,[],,GREEN,,False,False,False,B0150,푸드,success,3,8,4,3,1,3663,청연 컴퍼니,REWARD,진행중,1560000,28889,18.0,0.014742014742014743,0.125,0.5
397822,m_e95670666925,꽂는 순간 숫자로 보이는 충전 속도ㅣ시그니처 LED 케이블,2026-04-27T05:59:59+09:00,2026-04-27T05:59:59,2026-05-18T05:59:59,PREORDER,https://demo-assets.example.invalid/studio/images/2026/04/397822.jpeg,스튜디오 무딕스,스튜디오 무딕스,8,500000,1000000,50,3,8,0,주변기기 카테고리에서 일상 문제를 해결하는 시그니처 프로젝트입니다.,주변기기,False,0,https://demo-source.example.invalid/web/campaign/detail/397822,/web/campaign/detail/397822,,[],,,,True,False,False,B0070,주변기기,success,0,0,0,0,0,5156,스튜디오 무딕스,PREORDER,진행중,500000,62500,0.0,0.0015515903801396431,0.0,0.0
400130,m_e4be6e1dd242,하루 10분으로 시작하는 실전 데일리 노트,2026-04-03T23:59:59+09:00,2026-04-03T23:59:59,2026-05-18T23:59:59,PREORDER,https://demo-assets.example.invalid/studio/images/2026/04/400130.jpeg,브랜드 유열,브랜드 유열,18,460000,2000000,23,6,8,0,출판 카테고리에서 일상 문제를 해결하는 데일리 프로젝트입니다.,출판,True,0,https://demo-source.example.invalid/web/campaign/detail/400130,/web/campaign/detail/400130,,[],,,,False,False,True,B0110,출판,success,3,3,2,1,0,2061,브랜드 유열,PREORDER,진행중,460000,25556,6.0,0.008733624454148471,0.0,0.6666666666666666
399559,m_f7e378cbd007,노트북 책상을 깔끔하게 만드는 리얼 멀티 허브,2026-05-03T04:59:59+09:00,2026-05-03T04:59:59,2026-05-17T04:59:59,PREORDER,https://demo-assets.example.invalid/studio/images/2026/04/399559.jpeg,포근,포근,623,39400000,20000000,197,215,7,0,주변기기 카테고리에서 일상 문제를 해결하는 리얼 프로젝트입니다.,주변기기,True,0,https://demo-source.example.invalid/web/campaign/detail/399559,/web/campaign/detail/399559,,[],,,,True,False,False,B0070,주변기기,success,75,73,39,27,7,15354,포근,PREORDER,진행중,39400000,63242,8.306666666666667,0.04057574573401068,0.0958904109589041,0.5342465753424658
393484,m_2bd0eb34b5e8,선물하기 좋은 프리미엄 프로 디저트 세트,2026-04-26T21:59:59+09:00,2026-04-26T21:59:59,2026-05-17T21:59:59,REWARD,https://demo-assets.example.invalid/studio/images/2026/04/393484.jpeg,브랜드 온하루,브랜드 온하루,115,8600000,10000000,86,32,7,0,푸드 카테고리에서 일상 문제를 해결하는 프로 프로젝트입니다.,푸드,True,0,https://demo-source.example.invalid/web/campaign/detail/393484,/web/campaign/detail/393484,,[],,,,True,False,False,B0150,푸드,success,15,15,9,3,3,9307,브랜드 온하루,REWARD,진행중,8600000,74783,7.666666666666667,0.012356290963790695,0.2,0.6
393178,m_d2169a9c986c,가죽 장인의 손맛을 담은 미니멀 바이브 지갑,2026-04-17T15:59:59+09:00,2026-04-17T15:59:59,2026-05-17T15:59:59,PREORDER,https://demo-assets.example.invalid/studio/images/2026/04/393178.jpeg,주식회사 무딕스,주식회사 무딕스,53,2150000,5000000,43,10,7,0,패션·잡화 카테고리에서 일상 문제를 해결하는 바이브 프로젝트입니다.,패션·잡화,False,0,https://demo-source.example.invalid/web/campaign/detail/393178,/web/campaign/detail/393178,,[],,,,True,False,True,B0170,패션·잡화,success,3,0,0,0,0,3381,주식회사 무딕스,PREORDER,진행중,2150000,40566,17.666666666666668,0.01567583555161195,0.0,0.0
398286,m_6b2170c378f5,피부의 기초 상태를 바꾸는 프리미엄 앰플+크림세트,2026-05-02T12:59:59+09:00,2026-05-02T12:59:59,2026-05-16T12:59:59,PREORDER,https://demo-assets.example.invalid/studio/images/2026/04/398286.jpeg,스튜디오 그린웨이,스튜디오 그린웨이,212,5260000,2000000,263,30,6,0,스킨케어 카테고리에서 일상 문제를 해결하는 프리미엄 프로젝트입니다.,스킨케어,False,0,https://demo-source.example.invalid/web/campaign/detail/398286,/web/campaign/detail/398286,,[],,,,False,False,False,B0190,스킨케어,success,13,28,16,9,3,8256,스튜디오 그린웨이,PREORDER,진행중,5260000,24811,16.307692307692307,0.02567829457364341,0.10714285714285714,0.5714285714285714
398681,m_8793748bc188,13층 깊은 보습에 피부 열감까지 내리는 프리미엄 크림,2026-04-25T07:59:59+09:00,2026-04-25T07:59:59,2026-05-16T07:59:59,PREORDER,https://demo-assets.example.invalid/studio/images/2026/04/398681.jpeg,브레바,브레바,62,3600000,2000000,180,19,6,0,스킨케어 카테고리에서 일상 문제를 해결하는 프리미엄 프로젝트입니다.,스킨케어,False,0,https://demo-source.example.invalid/web/campaign/detail/398681,/web/campaign/detail/398681,,[],,,,True,False,False,B0190,스킨케어,success,5,9,7,0,2,2836,브레바,PREORDER,진행중,3600000,58065,12.4,0.021861777150916785,0.2222222222222222,0.7777777777777778
400971,m_b2feff10a6bf,"오픈형이지만 몰입은 깊게, 노이즈캔슬링 프로",2026-04-25T11:59:59+09:00,2026-04-25T11:59:59,2026-05-16T11:59:59,PREORDER,https://demo-assets.example.invalid/studio/images/2026/04/400971.jpeg,메이커 두이즈,메이커 두이즈 컴퍼니,32,1960000,2000000,98,13,6,0,테크·가전 카테고리에서 일상 문제를 해결하는 프로 프로젝트입니다.,테크·가전,True,0,https://demo-source.example.invalid/web/campaign/detail/400971,/web/campaign/detail/400971,,[],,,,True,False,False,B0050,테크·가전,success,3,6,2,3,1,2665,메이커 두이즈 컴퍼니,PREORDER,진행중,1960000,61250,10.666666666666666,0.01200750469043152,0.16666666666666666,0.3333333333333333
396272,m_4a5022861dac,"전 객실 오션뷰 감성 숙소, 제로 카라반 패키지",2026-04-15T16:59:59+09:00,2026-04-15T16:59:59,2026-05-15T16:59:59,PREORDER,https://demo-assets.example.invalid/studio/images/2026/04/396272.jpeg,스튜디오 유열,스튜디오 유열 컴퍼니,547,11400000,20000000,57,94,5,0,여행·레저 카테고리에서 일상 문제를 해결하는 제로 프로젝트입니다.,여행·레저,True,0,https://demo-source.example.invalid/web/campaign/detail/396272,/web/campaign/detail/396272,,[],,PURPLE,,True,False,False,B0140,여행·레저,success,34,91,50,31,10,16693,스튜디오 유열 컴퍼니,PREORDER,진행중,11400000,20841,16.08823529411765,0.03276822620259989,0.10989010989010989,0.5494505494505495
393553,m_f21e2c5c1798,예민한 피부도 매일 쓰는 저자극 감성 세럼,2026-04-15T14:59:59+09:00,2026-04-15T14:59:59,2026-05-15T14:59:59,REWARD,https://demo-assets.example.invalid/studio/images/2026/04/393553.jpeg,메이커 무딕스,메이커 무딕스,117,5750000,5000000,115,41,5,0,스킨케어 카테고리에서 일상 문제를 해결하는 감성 프로젝트입니다.,스킨케어,False,0,https://demo-source.example.invalid/web/campaign/detail/393553,/web/campaign/detail/393553,,[],,,,True,False,False,B0190,스킨케어,success,20,0,0,0,0,8109,메이커 무딕스,REWARD,진행중,5750000,49145,5.85,0.014428412874583796,0.0,0.0
398366,m_6d2eb30246c7,출근길 배터리 걱정 없는 초경량 시그니처 보조배터리,2026-04-24T13:59:59+09:00,2026-04-24T13:59:59,2026-05-15T13:59:59,PREORDER,https://demo-assets.example.invalid/studio/images/2026/04/398366.jpeg,주식회사 그린웨이,주식회사 그린웨이 컴퍼니,72,5100000,10000000,51,33,5,0,주변기기 카테고리에서 일상 문제를 해결하는 시그니처 프로젝트입니다.,주변기기,False,0,https://demo-source.example.invalid/web/campaign/detail/398366,/web/campaign/detail/398366,,[],,,,True,False,False,B0070,주변기기,success,14,0,0,0,0,6336,주식회사 그린웨이 컴퍼니,PREORDER,진행중,5100000,70833,5.142857142857143,0.011363636363636364,0.0,0.0
398861,m_127f3c3c0a78,"보이지 않는 바람의 차이, 공간까지 시원한 스마트 선풍기",2026-04-15T15:59:59+09:00,2026-04-15T15:59:59,2026-05-15T15:59:59,PREORDER,https://demo-assets.example.invalid/studio/images/2026/04/398861.jpeg,스튜디오 두이즈,스튜디오 두이즈,47,1680000,3000000,56,12,5,0,테크·가전 카테고리에서 일상 문제를 해결하는 스마트 프로젝트입니다.,테크·가전,True,0,https://demo-source.example.invalid/web/campaign/detail/398861,/web/campaign/detail/398861,,[],,,,True,True,False,B0050,테크·가전,success,4,6,5,1,0,6156,스튜디오 두이즈,PREORDER,진행중,1680000,35745,11.75,0.007634827810266406,0.0,0.8333333333333334
394762,m_e1a131f14ac8,아이의 수면 루틴을 돕는 올인원 침구,2026-04-30T21:59:59+09:00,2026-04-30T21:59:59,2026-05-14T21:59:59,PREORDER,https://demo-assets.example.invalid/studio/images/2026/04/394762.jpeg,주식회사 유열,주식회사 유열,2225,87000000,20000000,435,311,4,0,유아·키즈 카테고리에서 일상 문제를 해결하는 올인원 프로젝트입니다.,유아·키즈,False,0,https://demo-source.example.invalid/web/campaign/detail/394762,/web/campaign/detail/394762,,[],,GREEN,,True,False,True,B0210,유아·키즈,success,130,82,49,26,7,167762,주식회사 유열,PREORDER,진행중,87000000,39101,17.115384615384617,0.013262836637617577,0.08536585365853659,0.5975609756097561
397483,m_be585c935088,가볍게 떠나는 주말 캠핑용 프리미엄 세트,2026-04-23T08:59:59+09:00,2026-04-23T08:59:59,2026-05-14T08:59:59,REWARD,https://demo-assets.example.invalid/studio/images/2026/04/397483.jpeg,주식회사 온하루,주식회사 온하루 컴퍼니,5163,86600000,10000000,866,1101,4,0,여행·레저 카테고리에서 일상 문제를 해결하는 프리미엄 프로젝트입니다.,여행·레저,False,0,https://demo-source.example.invalid/web/campaign/detail/397483,/web/campaign/detail/397483,,[],,,,True,True,False,B0140,여행·레저,success,443,0,0,0,0,369996,주식회사 온하루 컴퍼니,REWARD,진행중,86600000,16773,11.654627539503386,0.013954204910323354,0.0,0.0
401399,m_755cbe0a9039,출근길 배터리 걱정 없는 초경량 프로 보조배터리,2026-04-30T20:59:59+09:00,2026-04-30T20:59:59,2026-05-14T20:59:59,PREORDER,https://demo-assets.example.invalid/studio/images/2026/04/401399.jpeg,주식회사 온하루,주식회사 온하루 컴퍼니,331,13950000,3000000,465,115,4,0,주변기기 카테고리에서 일상 문제를 해결하는 프로 프로젝트입니다.,주변기기,False,0,https://demo-source.example.invalid/web/campaign/detail/401399,/web/campaign/detail/401399,,[],,,,True,False,False,B0070,주변기기,success,38,74,45,20,9,8548,주식회사 온하루 컴퍼니,PREORDER,진행중,13950000,42145,8.710526315789474,0.03872250818905007,0.12162162162162163,0.6081081081081081
402292,m_edba4957ab15,가죽 장인의 손맛을 담은 미니멀 올인원 지갑,2026-04-14T09:59:59+09:00,2026-04-14T09:59:59,2026-05-14T09:59:59,REWARD,https://demo-assets.example.invalid/studio/images/2026/04/402292.jpeg,메이커 포근,메이커 포근 컴퍼니,39,2680000,2000000,134,9,4,0,패션·잡화 카테고리에서 일상 문제를 해결하는 올인원 프로젝트입니다.,패션·잡화,False,0,https://demo-source.example.invalid/web/campaign/detail/402292,/web/campaign/detail/402292,,[],,,,True,False,False,B0170,패션·잡화,success,5,2,0,2,0,2557,메이커 포근 컴퍼니,REWARD,진행중,2680000,68718,7.8,0.015252248728979272,0.0,0.0
398527,m_45b3a6f0c941,정선 사북의 특별한 이야기를 담은 시그니처 베이커리,2026-03-30T20:59:59+09:00,2026-03-30T20:59:59,2026-05-14T20:59:59,PREORDER,https://demo-assets.example.invalid/studio/images/2026/04/398527.jpeg,메이커 그린웨이,메이커 그린웨이,59,1900000,2000000,95,34,4,0,푸드 카테고리에서 일상 문제를 해결하는 시그니처 프로젝트입니다.,푸드,False,0,https://demo-source.example.invalid/web/campaign/detail/398527,/web/campaign/detail/398527,,[],,,,True,False,True,B0150,푸드,success,10,20,11,8,1,4072,메이커 그린웨이,PREORDER,진행중,1900000,32203,5.9,0.014489194499017682,0.05,0.55
398710,m_1cd1c5d11c8d,13층 깊은 보습에 피부 열감까지 내리는 초경량 크림,2026-04-14T02:59:59+09:00,2026-04-14T02:59:59,2026-05-14T02:59:59,PREORDER,https://demo-assets.example.invalid/studio/images/2026/04/398710.jpeg,주식회사 제로랩,주식회사 제로랩,55,460000,1000000,46,20,4,0,스킨케어 카테고리에서 일상 문제를 해결하는 초경량 프로젝트입니다.,스킨케어,True,0,https://demo-source.example.invalid/web/campaign/detail/398710,/web/campaign/detail/398710,,[],,,,True,False,False,B0190,스킨케어,success,4,6,2,3,1,3047,주식회사 제로랩,PREORDER,진행중,460000,8364,13.75,0.018050541516245487,0.16666666666666666,0.3333333333333333
396562,m_3a301d728ed4,"보이지 않는 바람의 차이, 공간까지 시원한 제로 선풍기",2026-04-22T08:59:59+09:00,2026-04-22T08:59:59,2026-05-13T08:59:59,PREORDER,https://demo-assets.example.invalid/studio/images/2026/04/396562.jpeg,유열,유열 컴퍼니,91,4360000,1000000,436,24,3,0,테크·가전 카테고리에서 일상 문제를 해결하는 제로 프로젝트입니다.,테크·가전,True,0,https://demo-source.example.invalid/web/campaign/detail/396562,/web/campaign/detail/396562,,[],,GREEN,,True,False,True,B0050,테크·가전,success,13,21,9,6,6,6906,유열 컴퍼니,PREORDER,진행중,4360000,47912,7.0,0.013176947581812917,0.2857142857142857,0.42857142857142855
402853,m_e5da605f9f8d,"아침 3분 완성, 진한 풍미의 시그니처 간편식",2026-04-22T23:59:59+09:00,2026-04-22T23:59:59,2026-05-13T23:59:59,REWARD,https://demo-assets.example.invalid/studio/images/2026/04/402853.jpeg,스튜디오 사북상회,스튜디오 사북상회,15,220000,2000000,11,4,3,0,푸드 카테고리에서 일상 문제를 해결하는 시그니처 프로젝트입니다.,푸드,False,0,https://demo-source.example.invalid/web/campaign/detail/402853,/web/campaign/detail/402853,,[],,BLUE,,True,False,False,B0150,푸드,success,1,7,4,2,1,984,스튜디오 사북상회,REWARD,진행중,220000,14667,15.0,0.01524390243902439,0.14285714285714285,0.5714285714285714
400624,m_9f3ffacaa0fa,"오픈형이지만 몰입은 깊게, 노이즈캔슬링 클린",2026-04-12T16:59:59+09:00,2026-04-12T16:59:59,2026-05-12T16:59:59,PREORDER,https://demo-assets.example.invalid/studio/images/2026/04/400624.jpeg,스튜디오 두이즈,스튜디오 두이즈 컴퍼니,14,470000,1000000,47,11,2,0,테크·가전 카테고리에서 일상 문제를 해결하는 클린 프로젝트입니다.,테크·가전,True,0,https://demo-source.example.invalid/web/campaign/detail/400624,/web/campaign/detail/400624,,[],,,,True,True,False,B0050,테크·가전,success,0,0,0,0,0,5857,스튜디오 두이즈 컴퍼니,PREORDER,진행중,470000,33571,0.0,0.002390302202492744,0.0,0.0
400363,m_00fd0681f890,첫째도 둘째도 쓰는 엄마 추천 올인원,2026-04-20T04:59:59+09:00,2026-04-20T04:59:59,2026-05-11T04:59:59,PREORDER,https://demo-assets.example.invalid/studio/images/2026/04/400363.jpeg,주식회사 사북상회,주식회사 사북상회 컴퍼니,249,20200000,20000000,101,99,1,0,유아·키즈 카테고리에서 일상 문제를 해결하는 올인원 프로젝트입니다.,유아·키즈,False,0,https://demo-source.example.invalid/web/campaign/detail/400363,/web/campaign/detail/400363,,[],,,,True,False,False,B0210,유아·키즈,success,37,46,28,10,8,10728,주식회사 사북상회 컴퍼니,PREORDER,진행중,20200000,81124,6.72972972972973,0.023210290827740492,0.17391304347826086,0.6086956521739131
396264,m_002fad3aee40,노트북 책상을 깔끔하게 만드는 스마트 멀티 허브,2026-04-20T17:59:59+09:00,2026-04-20T17:59:59,2026-05-11T17:59:59,PREORDER,https://demo-assets.example.invalid/studio/images/2026/04/396264.jpeg,스튜디오 그린웨이,스튜디오 그린웨이,153,8760000,1000000,876,23,1,0,주변기기 카테고리에서 일상 문제를 해결하는 스마트 프로젝트입니다.,주변기기,False,0,https://demo-source.example.invalid/web/campaign/detail/396264,/web/campaign/detail/396264,,[],,,,True,False,False,B0070,주변기기,success,11,20,10,9,1,5176,스튜디오 그린웨이,PREORDER,진행중,8760000,57255,13.909090909090908,0.02955950540958269,0.05,0.5
393082,m_64cc4bda32c9,매일 들어도 가벼운 생활방수 프로 백팩,2026-04-20T03:59:59+09:00,2026-04-20T03:59:59,2026-05-11T03:59:59,REWARD,https://demo-assets.example.invalid/studio/images/2026/04/393082.jpeg,루미에르,루미에르,86,5400000,10000000,54,19,1,0,패션·잡화 카테고리에서 일상 문제를 해결하는 프로 프로젝트입니다.,패션·잡화,False,0,https://demo-source.example.invalid/web/campaign/detail/393082,/web/campaign/detail/393082,,[],,,,False,False,False,B0170,패션·잡화,success,7,20,14,6,0,7381,루미에르,REWARD,진행중,5400000,62791,12.285714285714286,0.011651537732014633,0.0,0.7
400652,m_c14edb60c657,정선 사북의 특별한 이야기를 담은 제로 베이커리,2026-04-20T13:59:59+09:00,2026-04-20T13:59:59,2026-05-11T13:59:59,REWARD,https://demo-assets.example.invalid/studio/images/2026/04/400652.jpeg,메이커 포근,메이커 포근 컴퍼니,75,4200000,10000000,42,12,1,0,푸드 카테고리에서 일상 문제를 해결하는 제로 프로젝트입니다.,푸드,False,0,https://demo-source.example.invalid/web/campaign/detail/400652,/web/campaign/detail/400652,,[],,,,True,False,False,B0150,푸드,success,3,13,6,7,0,4843,메이커 포근 컴퍼니,REWARD,진행중,4200000,56000,25.0,0.01548626884162709,0.0,0.46153846153846156
396242,m_d975d59e7084,"축축한 욕실 이제 안녕, 초강력 제로 욕실템",2026-04-20T08:59:59+09:00,2026-04-20T08:59:59,2026-05-11T08:59:59,PREORDER,https://demo-assets.example.invalid/studio/images/2026/04/396242.jpeg,주식회사 온하루,주식회사 온하루,89,2600000,20000000,13,37,1,0,홈리빙 카테고리에서 일상 문제를 해결하는 제로 프로젝트입니다.,홈리빙,False,0,https://demo-source.example.invalid/web/campaign/detail/396242,/web/campaign/detail/396242,,[],,GREEN,,True,False,False,B0120,홈리빙,success,14,8,5,2,1,7687,주식회사 온하루,PREORDER,진행중,2600000,29213,6.357142857142857,0.011577988812280473,0.125,0.625
394878,m_fd0b6645aa9b,예민한 피부도 매일 쓰는 저자극 스마트 세럼,2026-04-11T20:59:59+09:00,2026-04-11T20:59:59,2026-05-11T20:59:59,PREORDER,https://demo-assets.example.invalid/studio/images/2026/04/394878.jpeg,스튜디오 메디비티,스튜디오 메디비티,48,2280000,3000000,76,15,1,0,스킨케어 카테고리에서 일상 문제를 해결하는 스마트 프로젝트입니다.,스킨케어,False,0,https://demo-source.example.invalid/web/campaign/detail/394878,/web/campaign/detail/394878,,[],,BLUE,,True,False,True,B0190,스킨케어,success,9,5,3,1,1,3007,스튜디오 메디비티,PREORDER,진행중,2280000,47500,5.333333333333333,0.015962753574991686,0.2,0.6
394880,m_b160fb8f8293,"보이지 않는 바람의 차이, 공간까지 시원한 감성 선풍기",2026-03-27T23:59:59+09:00,2026-03-27T23:59:59,2026-05-11T23:59:59,PREORDER,https://demo-assets.example.invalid/studio/images/2026/04/394880.jpeg,스튜디오 그린웨이,스튜디오 그린웨이,25,1110000,1000000,111,10,1,0,테크·가전 카테고리에서 일상 문제를 해결하는 감성 프로젝트입니다.,테크·가전,False,0,https://demo-source.example.invalid/web/campaign/detail/394880,/web/campaign/detail/394880,,[],,PURPLE,,True,False,False,B0050,테크·가전,success,2,5,3,1,1,3678,스튜디오 그린웨이,PREORDER,진행중,1110000,44400,12.5,0.006797172376291463,0.2,0.6
397384,m_b3a6dbc4508f,선물하기 좋은 프리미엄 컴팩트 디저트 세트,2026-04-26T21:59:59+09:00,2026-04-26T21:59:59,2026-05-10T21:59:59,PREORDER,https://demo-assets.example.invalid/studio/images/2026/04/397384.jpeg,메이커 브레바,메이커 브레바 컴퍼니,182,8800000,20000000,44,67,0,0,푸드 카테고리에서 일상 문제를 해결하는 컴팩트 프로젝트입니다.,푸드,True,0,https://demo-source.example.invalid/web/campaign/detail/397384,/web/campaign/detail/397384,,[],,GREEN,,True,False,False,B0150,푸드,success,31,34,21,7,6,8976,메이커 브레바 컴퍼니,PREORDER,진행중,8800000,48352,5.870967741935484,0.020276292335115863,0.17647058823529413,0.6176470588235294
397169,m_0c06f8cd7ede,"보이지 않는 바람의 차이, 공간까지 시원한 미니 선풍기",2026-04-09T23:59:59+09:00,2026-04-09T23:59:59,2026-05-09T23:59:59,REWARD,https://demo-assets.example.invalid/studio/images/2026/04/397169.jpeg,주식회사 사북상회,주식회사 사북상회,406,15500000,10000000,155,98,-1,1,테크·가전 카테고리에서 일상 문제를 해결하는 미니 프로젝트입니다.,테크·가전,False,0,https://demo-source.example.invalid/web/campaign/detail/397169,/web/campaign/detail/397169,,[],,,,True,False,False,B0050,테크·가전,success,43,65,32,25,8,16386,주식회사 사북상회,REWARD,마감,15500000,38177,9.44186046511628,0.02477724887098743,0.12307692307692308,0.49230769230769234
400035,m_4cf09c08bd2e,정선 사북의 특별한 이야기를 담은 하이브리드 베이커리,2026-04-18T04:59:59+09:00,2026-04-18T04:59:59,2026-05-09T04:59:59,PREORDER,https://demo-assets.example.invalid/studio/images/2026/04/400035.jpeg,주식회사 리빙온,주식회사 리빙온,504,4000000,1000000,400,92,-1,1,푸드 카테고리에서 일상 문제를 해결하는 하이브리드 프로젝트입니다.,푸드,False,0,https://demo-source.example.invalid/web/campaign/detail/400035,/web/campaign/detail/400035,,[],,,,True,False,False,B0150,푸드,success,30,76,45,23,8,14585,주식회사 리빙온,PREORDER,마감,4000000,7937,16.8,0.03455605073705862,0.10526315789473684,0.5921052631578947
397646,m_75acb8a78083,가죽 장인의 손맛을 담은 미니멀 초경량 지갑,2026-04-09T03:59:59+09:00,2026-04-09T03:59:59,2026-05-09T03:59:59,PREORDER,https://demo-assets.example.invalid/studio/images/2026/04/397646.jpeg,스튜디오 두이즈,스튜디오 두이즈 컴퍼니,19,360000,1000000,36,12,-1,1,패션·잡화 카테고리에서 일상 문제를 해결하는 초경량 프로젝트입니다.,패션·잡화,False,0,https://demo-source.example.invalid/web/campaign/detail/397646,/web/campaign/detail/397646,,[],,,,True,False,False,B0170,패션·잡화,success,5,0,0,0,0,2090,스튜디오 두이즈 컴퍼니,PREORDER,마감,360000,18947,3.8,0.00909090909090909,0.0,0.0
400387,m_06afddbbdd10,초보자를 위한 친절한 하이브리드 가이드북,2026-04-08T21:59:59+09:00,2026-04-08T21:59:59,2026-05-08T21:59:59,PREORDER,https://demo-assets.example.invalid/studio/images/2026/04/400387.jpeg,주식회사 로컬랩,주식회사 로컬랩 컴퍼니,924,38400000,20000000,192,379,-2,1,출판 카테고리에서 일상 문제를 해결하는 하이브리드 프로젝트입니다.,출판,False,0,https://demo-source.example.invalid/web/campaign/detail/400387,/web/campaign/detail/400387,,[],,GREEN,,True,False,True,B0110,출판,success,149,68,45,19,4,68846,주식회사 로컬랩 컴퍼니,PREORDER,마감,38400000,41558,6.201342281879195,0.013421259041919646,0.058823529411764705,0.6617647058823529
400309,m_f6d98a26be6c,"보이지 않는 바람의 차이, 공간까지 시원한 프로 선풍기",2026-04-08T12:59:59+09:00,2026-04-08T12:59:59,2026-05-08T12:59:59,PREORDER,https://demo-assets.example.invalid/studio/images/2026/04/400309.jpeg,메이커 그린웨이,메이커 그린웨이,39,2220000,3000000,74,15,-2,1,테크·가전 카테고리에서 일상 문제를 해결하는 프로 프로젝트입니다.,테크·가전,False,0,https://demo-source.example.invalid/web/campaign/detail/400309,/web/campaign/detail/400309,,[],,,,True,False,True,B0050,테크·가전,success,5,9,6,2,1,3933,메이커 그린웨이,PREORDER,마감,2220000,56923,7.8,0.009916094584286803,0.1111111111111111,0.6666666666666666
396543,m_aca12788bca4,물끓임 필요 없는 셀프히팅 올인원 머신,2026-04-08T08:59:59+09:00,2026-04-08T08:59:59,2026-05-08T08:59:59,PREORDER,https://demo-assets.example.invalid/studio/images/2026/04/396543.jpeg,온하루,온하루 컴퍼니,20,1000000,10000000,10,8,-2,1,테크·가전 카테고리에서 일상 문제를 해결하는 올인원 프로젝트입니다.,테크·가전,True,0,https://demo-source.example.invalid/web/campaign/detail/396543,/web/campaign/detail/396543,,[],,,,True,False,True,B0050,테크·가전,success,3,0,0,0,0,6333,온하루 컴퍼니,PREORDER,마감,1000000,50000,6.666666666666667,0.0031580609505763462,0.0,0.0
402116,m_57b443e849b2,반려동물 털 걱정을 줄이는 클린 클리너,2026-04-08T02:59:59+09:00,2026-04-08T02:59:59,2026-05-08T02:59:59,PREORDER,https://demo-assets.example.invalid/studio/images/2026/04/402116.jpeg,주식회사 청연,주식회사 청연,8,420000,3000000,14,3,-2,1,반려동물 카테고리에서 일상 문제를 해결하는 클린 프로젝트입니다.,반려동물,False,0,https://demo-source.example.invalid/web/campaign/detail/402116,/web/campaign/detail/402116,,[],,,,True,True,False,B0180,반려동물,success,0,0,0,0,0,7064,주식회사 청연,PREORDER,마감,420000,52500,0.0,0.0011325028312570782,0.0,0.0
397500,m_d74d6af4ef69,출근길 배터리 걱정 없는 초경량 올인원 보조배터리,2026-04-08T17:59:59+09:00,2026-04-08T17:59:59,2026-05-08T17:59:59,PREORDER,https://demo-assets.example.invalid/studio/images/2026/04/397500.jpeg,스튜디오 무딕스,스튜디오 무딕스,13,370000,1000000,37,4,-2,1,주변기기 카테고리에서 일상 문제를 해결하는 올인원 프로젝트입니다.,주변기기,False,0,https://demo-source.example.invalid/web/campaign/detail/397500,/web/campaign/detail/397500,,[],,,,True,False,True,B0070,주변기기,success,0,0,0,0,0,2131,스튜디오 무딕스,PREORDER,마감,370000,28462,0.0,0.006100422336931018,0.0,0.0
397496,m_2a6778bfec02,하루 10분으로 시작하는 실전 프리미엄 노트,2026-04-16T12:59:59+09:00,2026-04-16T12:59:59,2026-05-07T12:59:59,PREORDER,https://demo-assets.example.invalid/studio/images/2026/04/397496.jpeg,브랜드 온하루,브랜드 온하루,962,34300000,10000000,343,124,-3,1,출판 카테고리에서 일상 문제를 해결하는 프리미엄 프로젝트입니다.,출판,True,0,https://demo-source.example.invalid/web/campaign/detail/397496,/web/campaign/detail/397496,,[],,PURPLE,,True,False,True,B0110,출판,success,37,73,49,18,6,64851,브랜드 온하루,PREORDER,마감,34300000,35655,26.0,0.014834004101710074,0.0821917808219178,0.6712328767123288
402190,m_9b3c0d011293,13층 깊은 보습에 피부 열감까지 내리는 프로 크림,2026-04-23T12:59:59+09:00,2026-04-23T12:59:59,2026-05-07T12:59:59,REWARD,https://demo-assets.example.invalid/studio/images/2026/04/402190.jpeg,브랜드 사북상회,브랜드 사북상회,583,30990000,3000000,1033,112,-3,1,스킨케어 카테고리에서 일상 문제를 해결하는 프로 프로젝트입니다.,스킨케어,False,0,https://demo-source.example.invalid/web/campaign/detail/402190,/web/campaign/detail/402190,,[],,GREEN,,True,False,False,B0190,스킨케어,success,39,89,46,34,9,15296,브랜드 사북상회,REWARD,마감,30990000,53156,14.948717948717949,0.03811453974895398,0.10112359550561797,0.5168539325842697
400698,m_0d802938d556,꽂는 순간 숫자로 보이는 충전 속도ㅣ감성 LED 케이블,2026-04-23T15:59:59+09:00,2026-04-23T15:59:59,2026-05-07T15:59:59,PREORDER,https://demo-assets.example.invalid/studio/images/2026/04/400698.jpeg,주식회사 그린웨이,주식회사 그린웨이,71,3600000,5000000,72,24,-3,1,주변기기 카테고리에서 일상 문제를 해결하는 감성 프로젝트입니다.,주변기기,False,0,https://demo-source.example.invalid/web/campaign/detail/400698,/web/campaign/detail/400698,,[],,,,True,True,False,B0070,주변기기,success,6,9,6,1,2,6305,주식회사 그린웨이,PREORDER,마감,3600000,50704,11.833333333333334,0.011260904044409199,0.2222222222222222,0.6666666666666666
397555,m_5b5ba218f564,예민한 피부도 매일 쓰는 저자극 바이브 세럼,2026-04-16T09:59:59+09:00,2026-04-16T09:59:59,2026-05-07T09:59:59,PREORDER,https://demo-assets.example.invalid/studio/images/2026/04/397555.jpeg,스튜디오 유열,스튜디오 유열,69,2310000,3000000,77,21,-3,1,스킨케어 카테고리에서 일상 문제를 해결하는 바이브 프로젝트입니다.,스킨케어,False,0,https://demo-source.example.invalid/web/campaign/detail/397555,/web/campaign/detail/397555,,[],,,,True,False,False,B0190,스킨케어,success,7,12,8,3,1,5229,스튜디오 유열,PREORDER,마감,2310000,33478,9.857142857142858,0.013195639701663799,0.08333333333333333,0.6666666666666666
399126,m_044d5378f746,정선 사북의 특별한 이야기를 담은 초경량 베이커리,2026-04-14T15:59:59+09:00,2026-04-14T15:59:59,2026-05-05T15:59:59,PREORDER,https://demo-assets.example.invalid/studio/images/2026/04/399126.jpeg,주식회사 포근,주식회사 포근 컴퍼니,630,57200000,10000000,572,259,-5,1,푸드 카테고리에서 일상 문제를 해결하는 초경량 프로젝트입니다.,푸드,False,0,https://demo-source.example.invalid/web/campaign/detail/399126,/web/campaign/detail/399126,,[],,,,True,False,False,B0150,푸드,success,113,80,47,24,9,32406,주식회사 포근 컴퍼니,PREORDER,마감,57200000,90794,5.575221238938053,0.019440844288094797,0.1125,0.5875
398616,m_cf086b67cf2a,꽂는 순간 숫자로 보이는 충전 속도ㅣ미니 LED 케이블,2026-04-04T16:59:59+09:00,2026-04-04T16:59:59,2026-05-04T16:59:59,PREORDER,https://demo-assets.example.invalid/studio/images/2026/04/398616.jpeg,브랜드 온하루,브랜드 온하루,1150,32910000,3000000,1097,491,-6,1,주변기기 카테고리에서 일상 문제를 해결하는 미니 프로젝트입니다.,주변기기,False,0,https://demo-source.example.invalid/web/campaign/detail/398616,/web/campaign/detail/398616,,[],,PURPLE,,True,False,True,B0070,주변기기,success,177,81,46,26,9,73064,브랜드 온하루,PREORDER,마감,32910000,28617,6.497175141242938,0.015739625533778605,0.1111111111111111,0.5679012345679012
396502,m_e859f71cbf9a,공간 분위기를 바꾸는 호텔식 바이브 조명,2026-04-04T10:59:59+09:00,2026-04-04T10:59:59,2026-05-04T10:59:59,PREORDER,https://demo-assets.example.invalid/studio/images/2026/04/396502.jpeg,온하루,온하루,50,2840000,2000000,142,26,-6,1,홈리빙 카테고리에서 일상 문제를 해결하는 바이브 프로젝트입니다.,홈리빙,False,0,https://demo-source.example.invalid/web/campaign/detail/396502,/web/campaign/detail/396502,,[],,,,True,False,False,B0120,홈리빙,success,14,15,13,1,1,3529,온하루,PREORDER,마감,2840000,56800,3.5714285714285716,0.014168319637291017,0.06666666666666667,0.8666666666666667
399599,m_769e034ca3bb,출근룩부터 여행까지 가능한 데일리 슈즈,2026-04-13T09:59:59+09:00,2026-04-13T09:59:59,2026-05-04T09:59:59,REWARD,https://demo-assets.example.invalid/studio/images/2026/04/399599.jpeg,메이커 로컬랩,메이커 로컬랩,33,1980000,3000000,66,11,-6,1,패션·잡화 카테고리에서 일상 문제를 해결하는 데일리 프로젝트입니다.,패션·잡화,False,0,https://demo-source.example.invalid/web/campaign/detail/399599,/web/campaign/detail/399599,,[],,,,True,False,True,B0170,패션·잡화,success,3,4,2,1,1,7657,메이커 로컬랩,REWARD,마감,1980000,60000,11.0,0.0043097818989160245,0.25,0.5
397097,m_f7761e946482,작은 집도 넓게 쓰는 접이식 프리미엄 수납템,2026-04-04T10:59:59+09:00,2026-04-04T10:59:59,2026-05-04T10:59:59,PREORDER,https://demo-assets.example.invalid/studio/images/2026/04/397097.jpeg,메이커 루미에르,메이커 루미에르,25,1750000,1000000,175,12,-6,1,홈리빙 카테고리에서 일상 문제를 해결하는 프리미엄 프로젝트입니다.,홈리빙,False,0,https://demo-source.example.invalid/web/campaign/detail/397097,/web/campaign/detail/397097,,[],,GREEN,,True,False,False,B0120,홈리빙,success,2,0,0,0,0,4492,메이커 루미에르,PREORDER,마감,1750000,70000,12.5,0.005565449688334817,0.0,0.0
398105,m_1161d90c92de,예민한 피부도 매일 쓰는 저자극 미니 세럼,2026-04-19T22:59:59+09:00,2026-04-19T22:59:59,2026-05-03T22:59:59,PREORDER,https://demo-assets.example.invalid/studio/images/2026/04/398105.jpeg,아이무드,아이무드,40,1800000,10000000,18,14,-7,1,스킨케어 카테고리에서 일상 문제를 해결하는 미니 프로젝트입니다.,스킨케어,False,0,https://demo-source.example.invalid/web/campaign/detail/398105,/web/campaign/detail/398105,,[],,,,True,True,False,B0190,스킨케어,success,5,9,4,4,1,4261,아이무드,PREORDER,마감,1800000,45000,8.0,0.009387467730579677,0.1111111111111111,0.4444444444444444
401691,m_3b4fc9aea116,물끓임 필요 없는 셀프히팅 하이브리드 머신,2026-04-03T04:59:59+09:00,2026-04-03T04:59:59,2026-05-03T04:59:59,PREORDER,https://demo-assets.example.invalid/studio/images/2026/04/401691.jpeg,브랜드 제로랩,브랜드 제로랩,10,900000,2000000,45,6,-7,1,테크·가전 카테고리에서 일상 문제를 해결하는 하이브리드 프로젝트입니다.,테크·가전,False,0,https://demo-source.example.invalid/web/campaign/detail/401691,/web/campaign/detail/401691,,[],,PURPLE,,True,False,False,B0050,테크·가전,success,2,0,0,0,0,2729,브랜드 제로랩,PREORDER,마감,900000,90000,5.0,0.003664345914254306,0.0,0.0
399714,m_df001a5319ca,꽂는 순간 숫자로 보이는 충전 속도ㅣ리얼 LED 케이블,2026-04-18T09:59:59+09:00,2026-04-18T09:59:59,2026-05-02T09:59:59,REWARD,https://demo-assets.example.invalid/studio/images/2026/04/399714.jpeg,주식회사 아이무드,주식회사 아이무드 컴퍼니,768,54400000,5000000,1088,205,-8,1,주변기기 카테고리에서 일상 문제를 해결하는 리얼 프로젝트입니다.,주변기기,False,0,https://demo-source.example.invalid/web/campaign/detail/399714,/web/campaign/detail/399714,,[],,BLUE,,True,True,False,B0070,주변기기,success,86,73,39,25,9,43737,주식회사 아이무드 컴퍼니,REWARD,마감,54400000,70833,8.930232558139535,0.017559503395294603,0.1232876712328767,0.5342465753424658
396229,m_5a5f8535b3bf,출근길 배터리 걱정 없는 초경량 프리미엄 보조배터리,2026-04-11T21:59:59+09:00,2026-04-11T21:59:59,2026-05-02T21:59:59,PREORDER,https://demo-assets.example.invalid/studio/images/2026/04/396229.jpeg,스튜디오 유열,스튜디오 유열 컴퍼니,55,3090000,3000000,103,22,-8,1,주변기기 카테고리에서 일상 문제를 해결하는 프리미엄 프로젝트입니다.,주변기기,False,0,https://demo-source.example.invalid/web/campaign/detail/396229,/web/campaign/detail/396229,,[],,,,True,False,False,B0070,주변기기,success,7,5,3,2,0,5086,스튜디오 유열 컴퍼니,PREORDER,마감,3090000,56182,7.857142857142857,0.01081399921352733,0.0,0.6
400418,m_862b5e1e9918,집에서도 가능한 컴팩트 미니 트레이닝 세트,2026-04-18T09:59:59+09:00,2026-04-18T09:59:59,2026-05-02T09:59:59,REWARD,https://demo-assets.example.invalid/studio/images/2026/04/400418.jpeg,브랜드 루미에르,브랜드 루미에르 컴퍼니,23,1030000,1000000,103,5,-8,1,스포츠·모빌리티 카테고리에서 일상 문제를 해결하는 미니 프로젝트입니다.,스포츠·모빌리티,False,0,https://demo-source.example.invalid/web/campaign/detail/400418,/web/campaign/detail/400418,,[],,,,True,False,False,B0160,스포츠·모빌리티,success,2,2,1,0,1,5016,브랜드 루미에르 컴퍼니,REWARD,마감,1030000,44783,11.5,0.004585326953748007,0.5,0.5
398137,m_8eff607765d7,"아침 3분 완성, 진한 풍미의 제로 간편식",2026-04-02T08:59:59+09:00,2026-04-02T08:59:59,2026-05-02T08:59:59,REWARD,https://demo-assets.example.invalid/studio/images/2026/04/398137.jpeg,스튜디오 유열,스튜디오 유열,17,870000,3000000,29,12,-8,1,푸드 카테고리에서 일상 문제를 해결하는 제로 프로젝트입니다.,푸드,False,0,https://demo-source.example.invalid/web/campaign/detail/398137,/web/campaign/detail/398137,,[],,BLUE,,True,False,False,B0150,푸드,success,7,6,4,2,0,5145,스튜디오 유열,REWARD,마감,870000,51176,2.4285714285714284,0.003304178814382896,0.0,0.6666666666666666
395595,m_17dc402eb8d6,물끓임 필요 없는 셀프히팅 클린 머신,2026-04-10T16:59:59+09:00,2026-04-10T16:59:59,2026-05-01T16:59:59,PREORDER,https://demo-assets.example.invalid/studio/images/2026/04/395595.jpeg,브랜드 그린웨이,브랜드 그린웨이,2924,134400000,10000000,1344,1198,-9,1,테크·가전 카테고리에서 일상 문제를 해결하는 클린 프로젝트입니다.,테크·가전,True,0,https://demo-source.example.invalid/web/campaign/detail/395595,/web/campaign/detail/395595,,[],,,,True,False,False,B0050,테크·가전,success,458,85,42,25,18,216873,브랜드 그린웨이,PREORDER,마감,134400000,45964,6.384279475982533,0.013482545083989246,0.21176470588235294,0.49411764705882355
395945,m_9d19d186638c,"오픈형이지만 몰입은 깊게, 노이즈캔슬링 데일리",2026-04-10T07:59:59+09:00,2026-04-10T07:59:59,2026-05-01T07:59:59,PREORDER,https://demo-assets.example.invalid/studio/images/2026/04/395945.jpeg,스튜디오 그린웨이,스튜디오 그린웨이,269,13000000,5000000,260,48,-9,1,테크·가전 카테고리에서 일상 문제를 해결하는 데일리 프로젝트입니다.,테크·가전,False,0,https://demo-source.example.invalid/web/campaign/detail/395945,/web/campaign/detail/395945,,[],,,,True,False,False,B0050,테크·가전,success,15,47,32,12,3,14142,스튜디오 그린웨이,PREORDER,마감,13000000,48327,17.933333333333334,0.01902135482958563,0.06382978723404255,0.6808510638297872
400144,m_688b57142601,"전 객실 오션뷰 감성 숙소, 바이브 카라반 패키지",2026-04-01T08:59:59+09:00,2026-04-01T08:59:59,2026-05-01T08:59:59,PREORDER,https://demo-assets.example.invalid/studio/images/2026/04/400144.jpeg,리디아,리디아,134,1020000,3000000,34,33,-9,1,여행·레저 카테고리에서 일상 문제를 해결하는 바이브 프로젝트입니다.,여행·레저,True,0,https://demo-source.example.invalid/web/campaign/detail/400144,/web/campaign/detail/400144,,[],,,,True,False,False,B0140,여행·레저,success,11,23,18,4,1,9778,리디아,PREORDER,마감,1020000,7612,12.181818181818182,0.013704233994681939,0.043478260869565216,0.782608695652174
400565,m_35d54d6d0459,출근룩부터 여행까지 가능한 감성 슈즈,2026-03-31T03:59:59+09:00,2026-03-31T03:59:59,2026-04-30T03:59:59,REWARD,https://demo-assets.example.invalid/studio/images/2026/04/400565.jpeg,주식회사 두이즈,주식회사 두이즈 컴퍼니,845,66400000,5000000,1328,299,-10,1,패션·잡화 카테고리에서 일상 문제를 해결하는 감성 프로젝트입니다.,패션·잡화,False,0,https://demo-source.example.invalid/web/campaign/detail/400565,/web/campaign/detail/400565,,[],,BLUE,,True,False,True,B0170,패션·잡화,success,128,67,34,23,10,48720,주식회사 두이즈 컴퍼니,REWARD,마감,66400000,78580,6.6015625,0.0173440065681445,0.14925373134328357,0.5074626865671642
399275,m_f31172e20856,예민한 아이도 잘 먹는 제로 간식,2026-03-31T02:59:59+09:00,2026-03-31T02:59:59,2026-04-30T02:59:59,REWARD,https://demo-assets.example.invalid/studio/images/2026/04/399275.jpeg,스튜디오 청연,스튜디오 청연,97,8400000,20000000,42,39,-10,1,반려동물 카테고리에서 일상 문제를 해결하는 제로 프로젝트입니다.,반려동물,False,0,https://demo-source.example.invalid/web/campaign/detail/399275,/web/campaign/detail/399275,,[],,,,True,False,False,B0180,반려동물,success,17,0,0,0,0,3035,스튜디오 청연,REWARD,마감,8400000,86598,5.705882352941177,0.031960461285008235,0.0,0.0
393292,m_0342f0ff379d,반려동물 털 걱정을 줄이는 올인원 클리너,2026-03-30T08:59:59+09:00,2026-03-30T08:59:59,2026-04-29T08:59:59,PREORDER,https://demo-assets.example.invalid/studio/images/2026/04/393292.jpeg,주식회사 루미에르,주식회사 루미에르,3926,244800000,20000000,1224,1405,-11,1,반려동물 카테고리에서 일상 문제를 해결하는 올인원 프로젝트입니다.,반려동물,False,0,https://demo-source.example.invalid/web/campaign/detail/393292,/web/campaign/detail/393292,,[],,,,True,False,False,B0180,반려동물,success,550,68,33,24,11,201740,주식회사 루미에르,PREORDER,마감,244800000,62354,7.138181818181818,0.01946069197977595,0.16176470588235295,0.4852941176470588
394190,m_24b62d4bcbac,예민한 피부도 매일 쓰는 저자극 시그니처 세럼,2026-04-08T06:59:59+09:00,2026-04-08T06:59:59,2026-04-29T06:59:59,PREORDER,https://demo-assets.example.invalid/studio/images/2026/04/394190.jpeg,메이커 두이즈,메이커 두이즈,75,3400000,5000000,68,16,-11,1,스킨케어 카테고리에서 일상 문제를 해결하는 시그니처 프로젝트입니다.,스킨케어,True,0,https://demo-source.example.invalid/web/campaign/detail/394190,/web/campaign/detail/394190,,[],,,,True,False,False,B0190,스킨케어,success,5,6,3,3,0,2859,메이커 두이즈,PREORDER,마감,3400000,45333,15.0,0.026232948583420776,0.0,0.5
399317,m_82190bbb6dd6,"축축한 욕실 이제 안녕, 초강력 시그니처 욕실템",2026-03-29T20:59:59+09:00,2026-03-29T20:59:59,2026-04-28T20:59:59,PREORDER,https://demo-assets.example.invalid/studio/images/2026/04/399317.jpeg,주식회사 로컬랩,주식회사 로컬랩,6298,214800000,20000000,1074,994,-12,1,홈리빙 카테고리에서 일상 문제를 해결하는 시그니처 프로젝트입니다.,홈리빙,True,0,https://demo-source.example.invalid/web/campaign/detail/399317,/web/campaign/detail/399317,,[],,GREEN,,True,False,False,B0120,홈리빙,success,406,83,47,27,9,403618,주식회사 로컬랩,PREORDER,마감,214800000,34106,15.51231527093596,0.01560386305863465,0.10843373493975904,0.5662650602409639
396873,m_a93909aa5cd2,집에서도 가능한 컴팩트 하이브리드 트레이닝 세트,2026-03-29T14:59:59+09:00,2026-03-29T14:59:59,2026-04-28T14:59:59,PREORDER,https://demo-assets.example.invalid/studio/images/2026/04/396873.jpeg,메이커 사북상회,메이커 사북상회,2172,115600000,20000000,578,448,-12,1,스포츠·모빌리티 카테고리에서 일상 문제를 해결하는 하이브리드 프로젝트입니다.,스포츠·모빌리티,False,0,https://demo-source.example.invalid/web/campaign/detail/396873,/web/campaign/detail/396873,,[],,,,True,False,True,B0160,스포츠·모빌리티,success,173,75,42,26,7,130875,메이커 사북상회,PREORDER,마감,115600000,53223,12.554913294797688,0.01659598853868195,0.09333333333333334,0.56
398151,m_b0545a431d4e,피부의 기초 상태를 바꾸는 프리미엄 앰플+크림세트,2026-03-29T23:59:59+09:00,2026-03-29T23:59:59,2026-04-28T23:59:59,REWARD,https://demo-assets.example.invalid/studio/images/2026/04/398151.jpeg,주식회사 사북상회,주식회사 사북상회,246,11400000,20000000,57,91,-12,1,스킨케어 카테고리에서 일상 문제를 해결하는 프리미엄 프로젝트입니다.,스킨케어,False,0,https://demo-source.example.invalid/web/campaign/detail/398151,/web/campaign/detail/398151,,[],,,,True,False,False,B0190,스킨케어,success,31,57,28,22,7,10875,주식회사 사북상회,REWARD,마감,11400000,46341,7.935483870967742,0.022620689655172412,0.12280701754385964,0.49122807017543857
395496,m_b833c898db64,"축축한 욕실 이제 안녕, 초강력 미니 욕실템",2026-04-07T11:59:59+09:00,2026-04-07T11:59:59,2026-04-28T11:59:59,PREORDER,https://demo-assets.example.invalid/studio/images/2026/04/395496.jpeg,메이커 사북상회,메이커 사북상회 컴퍼니,550,8500000,5000000,170,147,-12,1,홈리빙 카테고리에서 일상 문제를 해결하는 미니 프로젝트입니다.,홈리빙,False,0,https://demo-source.example.invalid/web/campaign/detail/395496,/web/campaign/detail/395496,,[],,,,True,False,True,B0120,홈리빙,success,53,80,46,25,9,47102,메이커 사북상회 컴퍼니,PREORDER,마감,8500000,15455,10.377358490566039,0.011676786548341896,0.1125,0.575
394137,m_fa60b5047bc8,"오픈형이지만 몰입은 깊게, 노이즈캔슬링 초경량",2026-04-07T16:59:59+09:00,2026-04-07T16:59:59,2026-04-28T16:59:59,PREORDER,https://demo-assets.example.invalid/studio/images/2026/04/394137.jpeg,주식회사 메디비티,주식회사 메디비티,21,2010000,3000000,67,5,-12,1,테크·가전 카테고리에서 일상 문제를 해결하는 초경량 프로젝트입니다.,테크·가전,False,0,https://demo-source.example.invalid/web/campaign/detail/394137,/web/campaign/detail/394137,,[],,,,True,False,False,B0050,테크·가전,success,2,4,0,4,0,7215,주식회사 메디비티,PREORDER,마감,2010000,95714,10.5,0.0029106029106029108,0.0,0.0
402894,m_259123950c79,첫째도 둘째도 쓰는 엄마 추천 리얼,2026-04-06T15:59:59+09:00,2026-04-06T15:59:59,2026-04-27T15:59:59,REWARD,https://demo-assets.example.invalid/studio/images/2026/04/402894.jpeg,그린웨이,그린웨이 컴퍼니,369,10560000,1000000,1056,42,-13,1,유아·키즈 카테고리에서 일상 문제를 해결하는 리얼 프로젝트입니다.,유아·키즈,False,0,https://demo-source.example.invalid/web/campaign/detail/402894,/web/campaign/detail/402894,,[],,GREEN,,True,False,True,B0210,유아·키즈,success,11,57,39,13,5,19887,그린웨이 컴퍼니,REWARD,마감,10560000,28618,33.54545454545455,0.018554834816714435,0.08771929824561403,0.6842105263157895
397605,m_a802d4a6319d,피부의 기초 상태를 바꾸는 스마트 앰플+크림세트,2026-03-28T19:59:59+09:00,2026-03-28T19:59:59,2026-04-27T19:59:59,REWARD,https://demo-assets.example.invalid/studio/images/2026/04/397605.jpeg,주식회사 로컬랩,주식회사 로컬랩,108,9670000,1000000,967,35,-13,1,스킨케어 카테고리에서 일상 문제를 해결하는 스마트 프로젝트입니다.,스킨케어,True,0,https://demo-source.example.invalid/web/campaign/detail/397605,/web/campaign/detail/397605,,[],,GREEN,,True,True,False,B0190,스킨케어,success,20,14,9,3,2,5603,주식회사 로컬랩,REWARD,마감,9670000,89537,5.4,0.019275388184900946,0.14285714285714285,0.6428571428571429
397670,m_f95308983efd,출근길 배터리 걱정 없는 초경량 에센셜 보조배터리,2026-04-06T20:59:59+09:00,2026-04-06T20:59:59,2026-04-27T20:59:59,REWARD,https://demo-assets.example.invalid/studio/images/2026/04/397670.jpeg,브랜드 유열,브랜드 유열,43,1650000,3000000,55,20,-13,1,주변기기 카테고리에서 일상 문제를 해결하는 에센셜 프로젝트입니다.,주변기기,False,0,https://demo-source.example.invalid/web/campaign/detail/397670,/web/campaign/detail/397670,,[],,,,True,False,False,B0070,주변기기,success,11,7,3,2,2,6468,브랜드 유열,REWARD,마감,1650000,38372,3.909090909090909,0.0066481137909709335,0.2857142857142857,0.42857142857142855
393766,m_7b155544e4f8,선물하기 좋은 프리미엄 클린 디저트 세트,2026-04-05T17:59:59+09:00,2026-04-05T17:59:59,2026-04-26T17:59:59,PREORDER,https://demo-assets.example.invalid/studio/images/2026/04/393766.jpeg,스튜디오 제로랩,스튜디오 제로랩,298,9880000,1000000,988,132,-14,1,푸드 카테고리에서 일상 문제를 해결하는 클린 프로젝트입니다.,푸드,False,0,https://demo-source.example.invalid/web/campaign/detail/393766,/web/campaign/detail/393766,,[],,BLUE,,True,False,False,B0150,푸드,success,48,69,47,13,9,15645,스튜디오 제로랩,PREORDER,마감,9880000,33154,6.208333333333333,0.01904761904761905,0.13043478260869565,0.6811594202898551
401169,m_812b9594361b,"보이지 않는 바람의 차이, 공간까지 시원한 클린 선풍기",2026-04-05T03:59:59+09:00,2026-04-05T03:59:59,2026-04-26T03:59:59,REWARD,https://demo-assets.example.invalid/studio/images/2026/04/401169.jpeg,주식회사 루미에르,주식회사 루미에르,52,2180000,2000000,109,11,-14,1,테크·가전 카테고리에서 일상 문제를 해결하는 클린 프로젝트입니다.,테크·가전,False,0,https://demo-source.example.invalid/web/campaign/detail/401169,/web/campaign/detail/401169,,[],,,,True,True,True,B0050,테크·가전,success,2,11,6,2,3,6489,주식회사 루미에르,REWARD,마감,2180000,41923,26.0,0.008013561411619664,0.2727272727272727,0.5454545454545454
402443,m_015f56c5b8b9,"아침 3분 완성, 진한 풍미의 스마트 간편식",2026-04-11T03:59:59+09:00,2026-04-11T03:59:59,2026-04-25T03:59:59,REWARD,https://demo-assets.example.invalid/studio/images/2026/04/402443.jpeg,주식회사 리빙온,주식회사 리빙온,543,28400000,20000000,142,222,-15,1,푸드 카테고리에서 일상 문제를 해결하는 스마트 프로젝트입니다.,푸드,False,0,https://demo-source.example.invalid/web/campaign/detail/402443,/web/campaign/detail/402443,,[],,,,True,False,False,B0150,푸드,success,94,0,0,0,0,40067,주식회사 리빙온,REWARD,마감,28400000,52302,5.776595744680851,0.013552299897671401,0.0,0.0
399094,m_d81daabddf33,작은 집도 넓게 쓰는 접이식 클린 수납템,2026-04-04T11:59:59+09:00,2026-04-04T11:59:59,2026-04-25T11:59:59,PREORDER,https://demo-assets.example.invalid/studio/images/2026/04/399094.jpeg,메이커 리디아,메이커 리디아,328,19400000,20000000,97,148,-15,1,홈리빙 카테고리에서 일상 문제를 해결하는 클린 프로젝트입니다.,홈리빙,False,0,https://demo-source.example.invalid/web/campaign/detail/399094,/web/campaign/detail/399094,,[],,BLUE,,True,False,False,B0120,홈리빙,success,54,64,42,18,4,12133,메이커 리디아,PREORDER,마감,19400000,59146,6.074074074074074,0.027033709717299927,0.0625,0.65625
398206,m_adb4e4c3054e,정선 사북의 특별한 이야기를 담은 에센셜 베이커리,2026-04-11T01:59:59+09:00,2026-04-11T01:59:59,2026-04-25T01:59:59,PREORDER,https://demo-assets.example.invalid/studio/images/2026/04/398206.jpeg,스튜디오 유열,스튜디오 유열,184,7400000,10000000,74,59,-15,1,푸드 카테고리에서 일상 문제를 해결하는 에센셜 프로젝트입니다.,푸드,False,0,https://demo-source.example.invalid/web/campaign/detail/398206,/web/campaign/detail/398206,,[],,,,True,False,False,B0150,푸드,success,31,24,14,7,3,12777,스튜디오 유열,PREORDER,마감,7400000,40217,5.935483870967742,0.014400876575095875,0.125,0.5833333333333334
399272,m_a252bd6c7988,"오픈형이지만 몰입은 깊게, 노이즈캔슬링 시그니처",2026-04-03T07:59:59+09:00,2026-04-03T07:59:59,2026-04-24T07:59:59,PREORDER,https://demo-assets.example.invalid/studio/images/2026/04/399272.jpeg,메이커 로컬랩,메이커 로컬랩 컴퍼니,453,28600000,20000000,143,114,-16,1,테크·가전 카테고리에서 일상 문제를 해결하는 시그니처 프로젝트입니다.,테크·가전,False,0,https://demo-source.example.invalid/web/campaign/detail/399272,/web/campaign/detail/399272,,[],,,,True,False,False,B0050,테크·가전,success,46,80,44,32,4,12735,메이커 로컬랩 컴퍼니,PREORDER,마감,28600000,63135,9.847826086956522,0.035571260306242636,0.05,0.55
401781,m_8a35855bd965,꽂는 순간 숫자로 보이는 충전 속도ㅣ시그니처 LED 케이블,2026-04-03T20:59:59+09:00,2026-04-03T20:59:59,2026-04-24T20:59:59,PREORDER,https://demo-assets.example.invalid/studio/images/2026/04/401781.jpeg,스튜디오 그린웨이,스튜디오 그린웨이,467,13100000,10000000,131,82,-16,1,주변기기 카테고리에서 일상 문제를 해결하는 시그니처 프로젝트입니다.,주변기기,False,0,https://demo-source.example.invalid/web/campaign/detail/401781,/web/campaign/detail/401781,,[],,,,True,False,False,B0070,주변기기,success,26,74,43,17,14,23566,스튜디오 그린웨이,PREORDER,마감,13100000,28051,17.96153846153846,0.01981668505473988,0.1891891891891892,0.581081081081081
399436,m_fa492dc6083d,러닝 입문자를 위한 스마트 미니 밴드,2026-04-03T02:59:59+09:00,2026-04-03T02:59:59,2026-04-24T02:59:59,PREORDER,https://demo-assets.example.invalid/studio/images/2026/04/399436.jpeg,스튜디오 브레바,스튜디오 브레바,189,7600000,20000000,38,64,-16,1,스포츠·모빌리티 카테고리에서 일상 문제를 해결하는 미니 프로젝트입니다.,스포츠·모빌리티,False,0,https://demo-source.example.invalid/web/campaign/detail/399436,/web/campaign/detail/399436,,[],,,,True,True,False,B0160,스포츠·모빌리티,success,30,37,25,10,2,15214,스튜디오 브레바,PREORDER,마감,7600000,40212,6.3,0.012422768502694886,0.05405405405405406,0.6756756756756757
395833,m_70266c20f9a8,"여름 출산 준비 필수템, 부드러운 프로 세트",2026-04-03T12:59:59+09:00,2026-04-03T12:59:59,2026-04-24T12:59:59,PREORDER,https://demo-assets.example.invalid/studio/images/2026/04/395833.jpeg,무딕스,무딕스,23,780000,2000000,39,8,-16,1,유아·키즈 카테고리에서 일상 문제를 해결하는 프로 프로젝트입니다.,유아·키즈,False,0,https://demo-source.example.invalid/web/campaign/detail/395833,/web/campaign/detail/395833,,[],,,,True,False,True,B0210,유아·키즈,success,5,3,3,0,0,3026,무딕스,PREORDER,마감,780000,33913,4.6,0.00760079312623926,0.0,1.0
393483,m_b14aa804ce43,물끓임 필요 없는 셀프히팅 클린 머신,2026-04-02T11:59:59+09:00,2026-04-02T11:59:59,2026-04-23T11:59:59,REWARD,https://demo-assets.example.invalid/studio/images/2026/04/393483.jpeg,아이무드,아이무드,91,3100000,10000000,31,29,-17,1,테크·가전 카테고리에서 일상 문제를 해결하는 클린 프로젝트입니다.,테크·가전,False,0,https://demo-source.example.invalid/web/campaign/detail/393483,/web/campaign/detail/393483,,[],,,,True,False,False,B0050,테크·가전,success,12,9,6,3,0,7441,아이무드,REWARD,마감,3100000,34066,7.583333333333333,0.012229539040451553,0.0,0.6666666666666666
402770,m_ca64c3f6cc19,"전 객실 오션뷰 감성 숙소, 클린 카라반 패키지",2026-04-02T12:59:59+09:00,2026-04-02T12:59:59,2026-04-23T12:59:59,PREORDER,https://demo-assets.example.invalid/studio/images/2026/04/402770.jpeg,메이커 로컬랩,메이커 로컬랩,84,870000,3000000,29,15,-17,1,여행·레저 카테고리에서 일상 문제를 해결하는 클린 프로젝트입니다.,여행·레저,False,0,https://demo-source.example.invalid/web/campaign/detail/402770,/web/campaign/detail/402770,,[],,PURPLE,,True,False,False,B0140,여행·레저,success,9,0,0,0,0,7592,메이커 로컬랩,PREORDER,마감,870000,10357,9.333333333333334,0.011064278187565859,0.0,0.0
398219,m_5383890abbbe,가죽 장인의 손맛을 담은 미니멀 하이브리드 지갑,2026-04-02T20:59:59+09:00,2026-04-02T20:59:59,2026-04-23T20:59:59,REWARD,https://demo-assets.example.invalid/studio/images/2026/04/398219.jpeg,스튜디오 사북상회,스튜디오 사북상회,8,300000,1000000,30,6,-17,1,패션·잡화 카테고리에서 일상 문제를 해결하는 하이브리드 프로젝트입니다.,패션·잡화,False,0,https://demo-source.example.invalid/web/campaign/detail/398219,/web/campaign/detail/398219,,[],,BLUE,,True,False,True,B0170,패션·잡화,success,3,3,2,0,1,1999,스튜디오 사북상회,REWARD,마감,300000,37500,2.6666666666666665,0.00400200100050025,0.3333333333333333,0.6666666666666666
393076,m_cf238306f256,"보이지 않는 바람의 차이, 공간까지 시원한 데일리 선풍기",2026-04-01T12:59:59+09:00,2026-04-01T12:59:59,2026-04-22T12:59:59,PREORDER,https://demo-assets.example.invalid/studio/images/2026/04/393076.jpeg,주식회사 온하루,주식회사 온하루,110,4600000,20000000,23,25,-18,1,테크·가전 카테고리에서 일상 문제를 해결하는 데일리 프로젝트입니다.,테크·가전,False,0,https://demo-source.example.invalid/web/campaign/detail/393076,/web/campaign/detail/393076,,[],,,,True,False,False,B0050,테크·가전,success,12,29,15,11,3,7682,주식회사 온하루,PREORDER,마감,4600000,41818,9.166666666666666,0.014319187711533454,0.10344827586206896,0.5172413793103449
394558,m_31d32f8857e6,초보자를 위한 친절한 하이브리드 가이드북,2026-03-31T15:59:59+09:00,2026-03-31T15:59:59,2026-04-21T15:59:59,PREORDER,https://demo-assets.example.invalid/studio/images/2026/04/394558.jpeg,메이커 루미에르,메이커 루미에르,183,7600000,5000000,152,41,-19,1,출판 카테고리에서 일상 문제를 해결하는 하이브리드 프로젝트입니다.,출판,False,0,https://demo-source.example.invalid/web/campaign/detail/394558,/web/campaign/detail/394558,,[],,GREEN,,True,False,False,B0110,출판,success,17,38,21,12,5,16131,메이커 루미에르,PREORDER,마감,7600000,41530,10.764705882352942,0.011344615956853264,0.13157894736842105,0.5526315789473685
397931,m_0891b4d22509,반려동물 털 걱정을 줄이는 감성 클리너,2026-03-31T16:59:59+09:00,2026-03-31T16:59:59,2026-04-21T16:59:59,PREORDER,https://demo-assets.example.invalid/studio/images/2026/04/397931.jpeg,주식회사 유열,주식회사 유열 컴퍼니,234,4800000,3000000,160,62,-19,1,반려동물 카테고리에서 일상 문제를 해결하는 감성 프로젝트입니다.,반려동물,False,0,https://demo-source.example.invalid/web/campaign/detail/397931,/web/campaign/detail/397931,,[],,,,False,False,True,B0180,반려동물,success,26,35,24,5,6,9210,주식회사 유열 컴퍼니,PREORDER,마감,4800000,20513,9.0,0.025407166123778503,0.17142857142857143,0.6857142857142857
395947,m_136b3704aa95,예민한 아이도 잘 먹는 초경량 간식,2026-04-07T17:59:59+09:00,2026-04-07T17:59:59,2026-04-21T17:59:59,PREORDER,https://demo-assets.example.invalid/studio/images/2026/04/395947.jpeg,메이커 온하루,메이커 온하루,154,2360000,2000000,118,62,-19,1,반려동물 카테고리에서 일상 문제를 해결하는 초경량 프로젝트입니다.,반려동물,False,0,https://demo-source.example.invalid/web/campaign/detail/395947,/web/campaign/detail/395947,,[],,PURPLE,,True,False,False,B0180,반려동물,success,25,20,18,1,1,7750,메이커 온하루,PREORDER,마감,2360000,15325,6.16,0.019870967741935485,0.05,0.9
395740,m_51f52eb2b590,첫째도 둘째도 쓰는 엄마 추천 초경량,2026-03-30T19:59:59+09:00,2026-03-30T19:59:59,2026-04-20T19:59:59,PREORDER,https://demo-assets.example.invalid/studio/images/2026/04/395740.jpeg,주식회사 루미에르,주식회사 루미에르,935,28000000,20000000,140,150,-20,1,유아·키즈 카테고리에서 일상 문제를 해결하는 초경량 프로젝트입니다.,유아·키즈,True,0,https://demo-source.example.invalid/web/campaign/detail/395740,/web/campaign/detail/395740,,[],,,,False,False,True,B0210,유아·키즈,success,62,82,43,25,14,24488,주식회사 루미에르,PREORDER,마감,28000000,29947,15.080645161290322,0.038181966677556356,0.17073170731707318,0.524390243902439
395033,m_3511bd577d3b,"여름 출산 준비 필수템, 부드러운 스마트 세트",2026-04-06T13:59:59+09:00,2026-04-06T13:59:59,2026-04-20T13:59:59,PREORDER,https://demo-assets.example.invalid/studio/images/2026/04/395033.jpeg,주식회사 포근,주식회사 포근,63,2260000,1000000,226,27,-20,1,유아·키즈 카테고리에서 일상 문제를 해결하는 스마트 프로젝트입니다.,유아·키즈,False,0,https://demo-source.example.invalid/web/campaign/detail/395033,/web/campaign/detail/395033,,[],,,,True,False,False,B0210,유아·키즈,success,16,8,5,3,0,4233,주식회사 포근,PREORDER,마감,2260000,35873,3.9375,0.014883061658398299,0.0,0.625
396159,m_4071788901ac,"전 객실 오션뷰 감성 숙소, 리얼 카라반 패키지",2026-03-30T17:59:59+09:00,2026-03-30T17:59:59,2026-04-20T17:59:59,PREORDER,https://demo-assets.example.invalid/studio/images/2026/04/396159.jpeg,메이커 유열,메이커 유열 컴퍼니,5,0,1000000,0,6,-20,1,여행·레저 카테고리에서 일상 문제를 해결하는 리얼 프로젝트입니다.,여행·레저,False,0,https://demo-source.example.invalid/web/campaign/detail/396159,/web/campaign/detail/396159,,[],,,,True,False,False,B0140,여행·레저,success,2,1,0,1,0,892,메이커 유열 컴퍼니,PREORDER,마감,0,0,2.5,0.005605381165919282,0.0,0.0
394367,m_a03ab4835dea,기록 습관을 만드는 감성 제로 다이어리,2026-03-28T12:59:59+09:00,2026-03-28T12:59:59,2026-04-18T12:59:59,PREORDER,https://demo-assets.example.invalid/studio/images/2026/04/394367.jpeg,스튜디오 제로랩,스튜디오 제로랩,50,2450000,5000000,49,20,-22,1,출판 카테고리에서 일상 문제를 해결하는 제로 프로젝트입니다.,출판,False,0,https://demo-source.example.invalid/web/campaign/detail/394367,/web/campaign/detail/394367,,[],,,,True,False,False,B0110,출판,success,9,10,7,1,2,4002,스튜디오 제로랩,PREORDER,마감,2450000,49000,5.555555555555555,0.01249375312343828,0.2,0.7
396046,m_a3dca52519b5,"여름 출산 준비 필수템, 부드러운 에센셜 세트",2026-04-04T12:59:59+09:00,2026-04-04T12:59:59,2026-04-18T12:59:59,REWARD,https://demo-assets.example.invalid/studio/images/2026/04/396046.jpeg,두이즈,두이즈 컴퍼니,46,2070000,1000000,207,20,-22,1,유아·키즈 카테고리에서 일상 문제를 해결하는 에센셜 프로젝트입니다.,유아·키즈,True,0,https://demo-source.example.invalid/web/campaign/detail/396046,/web/campaign/detail/396046,,[],,,,True,False,False,B0210,유아·키즈,success,14,0,0,0,0,2171,두이즈 컴퍼니,REWARD,마감,2070000,45000,3.2857142857142856,0.021188392445877474,0.0,0.0
396372,m_132112578be4,꽂는 순간 숫자로 보이는 충전 속도ㅣ올인원 LED 케이블,2026-04-04T21:59:59+09:00,2026-04-04T21:59:59,2026-04-18T21:59:59,PREORDER,https://demo-assets.example.invalid/studio/images/2026/04/396372.jpeg,메이커 포근,메이커 포근 컴퍼니,37,2040000,3000000,68,19,-22,1,주변기기 카테고리에서 일상 문제를 해결하는 올인원 프로젝트입니다.,주변기기,True,0,https://demo-source.example.invalid/web/campaign/detail/396372,/web/campaign/detail/396372,,[],,,,True,False,False,B0070,주변기기,success,10,5,5,0,0,4203,메이커 포근 컴퍼니,PREORDER,마감,2040000,55135,3.7,0.008803235783963836,0.0,1.0
401092,m_c3e11d9b0276,물끓임 필요 없는 셀프히팅 스마트 머신,2026-04-04T09:59:59+09:00,2026-04-04T09:59:59,2026-04-18T09:59:59,PREORDER,https://demo-assets.example.invalid/studio/images/2026/04/401092.jpeg,브랜드 브레바,브랜드 브레바,94,750000,1000000,75,28,-22,1,테크·가전 카테고리에서 일상 문제를 해결하는 스마트 프로젝트입니다.,테크·가전,False,0,https://demo-source.example.invalid/web/campaign/detail/401092,/web/campaign/detail/401092,,[],,,,True,False,False,B0050,테크·가전,success,10,11,5,2,4,4190,브랜드 브레바,PREORDER,마감,750000,7979,9.4,0.02243436754176611,0.36363636363636365,0.45454545454545453
399800,m_7f96b1fa1e65,13층 깊은 보습에 피부 열감까지 내리는 클린 크림,2026-03-27T17:59:59+09:00,2026-03-27T17:59:59,2026-04-17T17:59:59,PREORDER,https://demo-assets.example.invalid/studio/images/2026/04/399800.jpeg,메이커 브레바,메이커 브레바,168,9500000,10000000,95,36,-23,1,스킨케어 카테고리에서 일상 문제를 해결하는 클린 프로젝트입니다.,스킨케어,False,0,https://demo-source.example.invalid/web/campaign/detail/399800,/web/campaign/detail/399800,,[],,,,True,True,False,B0190,스킨케어,success,10,29,22,6,1,13311,메이커 브레바,PREORDER,마감,9500000,56548,16.8,0.012621140410187063,0.034482758620689655,0.7586206896551724
395714,m_7e60b49ed074,노트북 책상을 깔끔하게 만드는 컴팩트 멀티 허브,2026-04-03T20:59:59+09:00,2026-04-03T20:59:59,2026-04-17T20:59:59,PREORDER,https://demo-assets.example.invalid/studio/images/2026/04/395714.jpeg,주식회사 그린웨이,주식회사 그린웨이,22,1080000,2000000,54,11,-23,1,주변기기 카테고리에서 일상 문제를 해결하는 컴팩트 프로젝트입니다.,주변기기,False,0,https://demo-source.example.invalid/web/campaign/detail/395714,/web/campaign/detail/395714,,[],,GREEN,,True,False,False,B0070,주변기기,success,8,4,3,1,0,1525,주식회사 그린웨이,PREORDER,마감,1080000,49091,2.75,0.014426229508196721,0.0,0.75
401953,m_949beac6e295,"보이지 않는 바람의 차이, 공간까지 시원한 바이브 선풍기",2026-04-01T23:59:59+09:00,2026-04-01T23:59:59,2026-04-15T23:59:59,PREORDER,https://demo-assets.example.invalid/studio/images/2026/04/401953.jpeg,메이커 두이즈,메이커 두이즈,1131,35000000,20000000,175,334,-25,1,테크·가전 카테고리에서 일상 문제를 해결하는 바이브 프로젝트입니다.,테크·가전,False,0,https://demo-source.example.invalid/web/campaign/detail/401953,/web/campaign/detail/401953,,[],,,,True,True,False,B0050,테크·가전,success,129,81,52,21,8,30545,메이커 두이즈,PREORDER,마감,35000000,30946,8.767441860465116,0.037027336716320185,0.09876543209876543,0.6419753086419753
395639,m_f024aa08c728,첫째도 둘째도 쓰는 엄마 추천 미니,2026-04-01T20:59:59+09:00,2026-04-01T20:59:59,2026-04-15T20:59:59,REWARD,https://demo-assets.example.invalid/studio/images/2026/04/395639.jpeg,메이커 루미에르,메이커 루미에르,478,3810000,3000000,127,176,-25,1,유아·키즈 카테고리에서 일상 문제를 해결하는 미니 프로젝트입니다.,유아·키즈,False,0,https://demo-source.example.invalid/web/campaign/detail/395639,/web/campaign/detail/395639,,[],,BLUE,,True,False,False,B0210,유아·키즈,success,64,91,48,33,10,41120,메이커 루미에르,REWARD,마감,3810000,7971,7.46875,0.011624513618677043,0.10989010989010989,0.5274725274725275
402201,m_a39cad5141d2,가볍게 떠나는 주말 캠핑용 제로 세트,2026-03-31T12:59:59+09:00,2026-03-31T12:59:59,2026-04-14T12:59:59,PREORDER,https://demo-assets.example.invalid/studio/images/2026/04/402201.jpeg,스튜디오 유열,스튜디오 유열 컴퍼니,197,8200000,5000000,164,79,-26,1,여행·레저 카테고리에서 일상 문제를 해결하는 제로 프로젝트입니다.,여행·레저,False,0,https://demo-source.example.invalid/web/campaign/detail/402201,/web/campaign/detail/402201,,[],,,,False,False,False,B0140,여행·레저,success,27,38,20,14,4,6322,스튜디오 유열 컴퍼니,PREORDER,마감,8200000,41624,7.296296296296297,0.03116102499209111,0.10526315789473684,0.5263157894736842
402035,m_831d00a63771,반려동물 털 걱정을 줄이는 바이브 클리너,2026-03-30T04:59:59+09:00,2026-03-30T04:59:59,2026-04-13T04:59:59,PREORDER,https://demo-assets.example.invalid/studio/images/2026/04/402035.jpeg,주식회사 리디아,주식회사 리디아 컴퍼니,1632,89600000,20000000,448,447,-27,1,반려동물 카테고리에서 일상 문제를 해결하는 바이브 프로젝트입니다.,반려동물,False,0,https://demo-source.example.invalid/web/campaign/detail/402035,/web/campaign/detail/402035,,[],,,,True,False,False,B0180,반려동물,success,158,90,56,28,6,141068,주식회사 리디아 컴퍼니,PREORDER,마감,89600000,54902,10.329113924050633,0.011568888762866136,0.06666666666666667,0.6222222222222222
395376,m_2c5eb56efce8,공간 분위기를 바꾸는 호텔식 리얼 조명,2026-03-30T09:59:59+09:00,2026-03-30T09:59:59,2026-04-13T09:59:59,PREORDER,https://demo-assets.example.invalid/studio/images/2026/04/395376.jpeg,스튜디오 제로랩,스튜디오 제로랩,64,3250000,5000000,65,16,-27,1,홈리빙 카테고리에서 일상 문제를 해결하는 리얼 프로젝트입니다.,홈리빙,False,0,https://demo-source.example.invalid/web/campaign/detail/395376,/web/campaign/detail/395376,,[],,,,True,True,False,B0120,홈리빙,success,4,9,5,3,1,3745,스튜디오 제로랩,PREORDER,마감,3250000,50781,16.0,0.017089452603471295,0.1111111111111111,0.5555555555555556
398388,m_350080b0ae06,첫째도 둘째도 쓰는 엄마 추천 컴팩트,2026-03-30T09:59:59+09:00,2026-03-30T09:59:59,2026-04-13T09:59:59,PREORDER,https://demo-assets.example.invalid/studio/images/2026/04/398388.jpeg,제로랩,제로랩,23,1000000,10000000,10,8,-27,1,유아·키즈 카테고리에서 일상 문제를 해결하는 컴팩트 프로젝트입니다.,유아·키즈,False,0,https://demo-source.example.invalid/web/campaign/detail/398388,/web/campaign/detail/398388,,[],,,,True,True,True,B0210,유아·키즈,success,1,1,1,0,0,7202,제로랩,PREORDER,마감,1000000,43478,23.0,0.003193557345181894,0.0,1.0
395003,m_2ba48e63563f,"여름 출산 준비 필수템, 부드러운 시그니처 세트",2026-03-29T07:59:59+09:00,2026-03-29T07:59:59,2026-04-12T07:59:59,PREORDER,https://demo-assets.example.invalid/studio/images/2026/04/395003.jpeg,주식회사 두이즈,주식회사 두이즈,716,5700000,10000000,57,242,-28,1,유아·키즈 카테고리에서 일상 문제를 해결하는 시그니처 프로젝트입니다.,유아·키즈,False,0,https://demo-source.example.invalid/web/campaign/detail/395003,/web/campaign/detail/395003,,[],,,,True,False,False,B0210,유아·키즈,success,90,73,40,26,7,25337,주식회사 두이즈,PREORDER,마감,5700000,7961,7.955555555555556,0.028259067766507478,0.0958904109589041,0.547945205479452
393166,m_dca7df5e5db5,노트북 책상을 깔끔하게 만드는 스마트 멀티 허브,2026-03-29T17:59:59+09:00,2026-03-29T17:59:59,2026-04-12T17:59:59,PREORDER,https://demo-assets.example.invalid/studio/images/2026/04/393166.jpeg,주식회사 청연,주식회사 청연,80,1960000,2000000,98,26,-28,1,주변기기 카테고리에서 일상 문제를 해결하는 스마트 프로젝트입니다.,주변기기,False,0,https://demo-source.example.invalid/web/campaign/detail/393166,/web/campaign/detail/393166,,[],,,,True,False,False,B0070,주변기기,success,12,12,4,7,1,4579,주식회사 청연,PREORDER,마감,1960000,24500,6.666666666666667,0.017471063550993666,0.08333333333333333,0.3333333333333333
394052,m_3de04f29c114,출근길 배터리 걱정 없는 초경량 에센셜 보조배터리,2026-03-28T19:59:59+09:00,2026-03-28T19:59:59,2026-04-11T19:59:59,PREORDER,https://demo-assets.example.invalid/studio/images/2026/04/394052.jpeg,주식회사 브레바,주식회사 브레바,189,10600000,20000000,53,28,-29,1,주변기기 카테고리에서 일상 문제를 해결하는 에센셜 프로젝트입니다.,주변기기,False,0,https://demo-source.example.invalid/web/campaign/detail/394052,/web/campaign/detail/394052,,[],,PURPLE,,True,True,False,B0070,주변기기,success,12,34,21,8,5,12763,주식회사 브레바,PREORDER,마감,10600000,56085,15.75,0.014808430619760244,0.14705882352941177,0.6176470588235294
398196,m_9424905cb388,공간 분위기를 바꾸는 호텔식 초경량 조명,2026-03-27T18:59:59+09:00,2026-03-27T18:59:59,2026-04-10T18:59:59,PREORDER,https://demo-assets.example.invalid/studio/images/2026/04/398196.jpeg,스튜디오 무딕스,스튜디오 무딕스,37,2000000,10000000,20,8,-30,1,홈리빙 카테고리에서 일상 문제를 해결하는 초경량 프로젝트입니다.,홈리빙,False,0,https://demo-source.example.invalid/web/campaign/detail/398196,/web/campaign/detail/398196,,[],,,,True,False,True,B0120,홈리빙,success,2,11,6,4,1,6800,스튜디오 무딕스,PREORDER,마감,2000000,54054,18.5,0.005441176470588235,0.09090909090909091,0.5454545454545454
